,price.open,price.high,price.low,price.close,volume,price.adjusted,ref.date,ticker,ret.adjusted.prices,ret.closing.prices,,AVG Price of 5 Days,AVG % Change of 5 Days,Change
1,96.330002,96.400002,93.150002,93.519997,41523600,91.324371,4/30/2018,MSFT,NA,NA,,,,
2,93.209999,95.290001,92.790001,95,31408900,92.76963,5/1/2018,MSFT,0.015825557,0.015825524,,,,
3,94.989998,95.169998,93.190002,93.510002,27471000,91.314621,5/2/2018,MSFT,-0.015684109,-0.015684189,,,,
4,92.959999,94.93,92.449997,94.07,31142500,91.861473,5/3/2018,MSFT,0.005988658,0.005988643,,,,
5,93.32,95.370003,92.919998,95.160004,22531300,92.925873,5/4/2018,MSFT,0.011587012,0.011587158,,94.2520006,8.700117714,U
6,95.169998,96.709999,95.099998,96.220001,24242000,93.960991,5/7/2018,MSFT,0.01113918,0.011139102,,94.7920014,6.435147386,U
7,95.849998,96.160004,95.059998,95.809998,23484600,93.560616,5/8/2018,MSFT,-0.004261077,-0.0042611,,94.954001,12.1111063,U
8,96.010002,96.970001,95.050003,96.940002,27327400,94.664101,5/9/2018,MSFT,0.011794332,0.011794218,,95.640001,15.00419265,U
9,97.459999,97.949997,97.050003,97.910004,22388100,95.611313,5/10/2018,MSFT,0.010006032,0.01000621,,96.4080018,14.26230162,U
10,97.800003,97.870003,97.040001,97.699997,16778300,95.40625,5/11/2018,MSFT,-0.002144757,-0.002144898,,96.9160004,7.635457478,U
11,97.919998,98.690002,97.309998,98.029999,19454100,95.728493,5/14/2018,MSFT,0.003377588,0.003377707,,97.278,11.41060157,U
12,97.239998,97.849998,96.339996,97.32,24594000,95.035164,5/15/2018,MSFT,-0.007242661,-0.007242671,,97.5800004,1.947110056,U
13,97.360001,97.400002,96.620003,97.150002,17384700,95.28035,5/16/2018,MSFT,0.00257995,-0.001746794,,97.6220004,-3.892575428,D
14,96.760002,97.540001,95.830002,96.18,17246700,94.329018,5/17/2018,MSFT,-0.009984556,-0.00998458,,97.2759996,-7.812805863,D
15,96.010002,96.93,96.010002,96.360001,17865800,94.505569,5/18/2018,MSFT,0.001871651,0.001871501,,97.0080004,-8.607527179,D
16,97,98.010002,96.800003,97.599998,19422500,95.721695,5/21/2018,MSFT,0.0128683,0.012868379,,96.9220002,1.444450173,U
17,97.68,98.169998,97.199997,97.5,15441200,95.623627,5/22/2018,MSFT,-0.001024512,-0.00102457,,96.9580002,1.804894899,U
18,96.709999,98.730003,96.32,98.660004,21251200,96.761292,5/23/2018,MSFT,0.011897321,0.011897477,,97.2600006,12.74935217,U
19,98.730003,98.940002,96.809998,98.309998,26649300,96.41803,5/24/2018,MSFT,-0.003547514,-0.003547598,,97.6860002,9.980944025,U
20,98.300003,98.980003,97.860001,98.360001,18363900,96.467072,5/25/2018,MSFT,0.000508639,0.000508626,,98.0860002,3.87416654,U
21,97.839996,98.879997,97.230003,98.010002,28671000,96.123802,5/29/2018,MSFT,-0.003558416,-0.003558347,,98.168001,2.597597969,U
22,98.309998,99.25,97.910004,98.949997,22158500,97.045715,5/30/2018,MSFT,0.009590892,0.009590807,,98.4580004,1.472673621,U
23,99.290001,99.989998,98.610001,98.839996,34140900,96.937828,5/31/2018,MSFT,-0.001111713,-0.001111683,,98.4939988,2.690509099,U
24,99.279999,100.860001,99.169998,100.790001,28655600,98.850311,6/1/2018,MSFT,0.019728965,0.019728906,,98.9899994,12.27396714,U
25,101.260002,101.860001,100.849998,101.669998,27281600,99.713371,6/4/2018,MSFT,0.008730979,0.008730995,,99.6519988,18.36388655,U
26,102,102.330002,101.529999,102.190002,23514400,100.223366,6/5/2018,MSFT,0.00511461,0.005114626,,100.4879988,16.12135299,U
27,102.480003,102.599998,101.900002,102.489998,21122900,100.517586,6/6/2018,MSFT,0.002935643,0.002935669,,101.195999,18.03431972,U
28,102.650002,102.690002,100.379997,100.879997,28232200,98.938568,6/7/2018,MSFT,-0.015708873,-0.01570886,,101.6039992,0.442876268,E
29,101.089996,101.949997,100.540001,101.629997,22165100,99.674141,6/8/2018,MSFT,0.007434644,0.007434576,,101.7719984,-0.196522622,E
30,101.010002,101.589996,100.669998,101.050003,23490900,99.105301,6/11/2018,MSFT,-0.005706997,-0.005706917,,101.6479994,-5.607582081,D
31,101.099998,101.449997,100.75,101.309998,18325200,99.360298,6/12/2018,MSFT,0.002572991,0.002572934,,101.4719986,-5.814411938,D
32,101.720001,102.010002,100.559998,100.849998,29492900,98.909149,6/13/2018,MSFT,-0.004540536,-0.004540519,,101.1439986,-0.148298468,E
33,101.650002,102.029999,101,101.419998,25691800,99.468178,6/14/2018,MSFT,0.005651944,0.005651958,,101.2519988,-1.037011627,D
34,101.510002,101.529999,100.07,100.129997,65738600,98.203003,6/15/2018,MSFT,-0.012719395,-0.012719395,,100.9519988,-4.55665074,D
35,100.010002,101.110001,99.419998,100.860001,23586000,98.918961,6/18/2018,MSFT,0.007290592,0.007290562,,100.9139984,-2.229606433,D
36,99.650002,101,99.5,100.860001,28653100,98.918961,6/19/2018,MSFT,0,0,,100.823999,0.049606245,E
37,101.370003,102.519997,101.120003,101.870003,26180800,99.909523,6/20/2018,MSFT,0.010013874,0.0100139,,101.028,2.227130103,U
38,102.080002,102.459999,100.879997,101.139999,23198200,99.193573,6/21/2018,MSFT,-0.007165984,-0.007166035,,100.9720002,5.001396417,U
39,100.410004,100.769997,99.629997,100.410004,38923100,98.477631,6/22/2018,MSFT,-0.007217625,-0.007217669,,101.0280016,-2.227090474,D
40,100,100.110001,97.300003,98.389999,35433300,96.49649,6/25/2018,MSFT,-0.020117675,-0.020117567,,100.5340012,-12.2844111,D
41,98.82,100.080002,98.75,99.080002,26897200,97.173225,6/26/2018,MSFT,0.007013053,0.007012938,,100.1780014,-13.92521792,D
42,99.580002,100.019997,97.400002,97.540001,31298400,95.662849,6/27/2018,MSFT,-0.015543129,-0.015543005,,99.312001,-18.12468767,D
43,97.379997,99.110001,97.260002,98.629997,26650700,96.731873,6/28/2018,MSFT,0.011174913,0.011174861,,98.8100006,-9.007220874,D
44,98.93,99.910004,98.330002,98.610001,28053200,96.712257,6/29/2018,MSFT,-0.000202787,-0.000202738,,98.45,1.117328593,U
45,98.099998,100.059998,98,100.010002,19564500,98.085312,7/2/2018,MSFT,0.014197321,0.014197353,,98.7740006,4.707716577,U
46,100.480003,100.629997,98.940002,99.050003,14670300,97.143799,7/3/2018,MSFT,-0.009598919,-0.00959903,,98.7680008,7.644186314,U
47,99.5,99.919998,99.029999,99.760002,18977400,97.840126,7/5/2018,MSFT,0.007168003,0.007168087,,99.212001,5.694900761,U
48,99.889999,101.43,99.669998,101.160004,19234600,99.213196,7/6/2018,MSFT,0.014033813,0.014033701,,99.7180024,12.78607141,U
49,101.650002,102.25,101.25,101.849998,18212000,99.8899,7/9/2018,MSFT,0.006820706,0.006820818,,100.3660018,9.166430699,U
50,102,102.510002,101.860001,102.120003,19293100,100.154709,7/10/2018,MSFT,0.002651009,0.002651006,,100.788002,15.22998739,U
51,101.150002,102.339996,101.099998,101.980003,19644600,100.01741,7/11/2018,MSFT,-0.001370869,-0.001370936,,101.374002,10.94955786,U
52,102.769997,104.410004,102.730003,104.190002,24335900,102.184883,7/12/2018,MSFT,0.021670957,0.021670905,,102.260002,14.81516693,U
53,104.370003,105.599998,104.089996,105.43,24635200,103.401009,7/13/2018,MSFT,0.011901232,0.011901315,,103.1140012,17.35943693,U
54,105.400002,105.82,104.519997,104.910004,21786900,102.891022,7/16/2018,MSFT,-0.004932128,-0.004932145,,103.7260024,13.44889871,U
55,104.610001,106.5,104.32,105.949997,25901700,103.910988,7/17/2018,MSFT,0.009913071,0.009913192,,104.4920012,18.99664067,U
56,105.940002,106.050003,104.720001,105.120003,29493900,103.096977,7/18/2018,MSFT,-0.007833734,-0.007833827,,105.1200012,4.423520688,U
57,104.93,105.309998,103.889999,104.400002,40171600,102.390823,7/19/2018,MSFT,-0.006849415,-0.006849324,,105.1620012,-4.89719665,D
58,108.080002,108.199997,106.080002,106.269997,56004000,104.224838,7/20/2018,MSFT,0.017911908,0.017911829,,105.3300006,6.455867238,U
59,106.300003,108.139999,106.129997,107.970001,29707000,105.892128,7/23/2018,MSFT,0.015997051,0.015997027,,105.942,9.533537218,U
60,108.57,108.82,107.260002,107.660004,26316600,105.588097,7/24/2018,MSFT,-0.002871139,-0.00287114,,106.2840014,11.94912201,U
61,107.959999,111.150002,107.599998,110.830002,30702100,108.697083,7/25/2018,MSFT,0.029444474,0.029444528,,107.4260012,29.92757772,U
62,110.739998,111,109.5,109.620003,31372100,107.510376,7/26/2018,MSFT,-0.010917561,-0.010917612,,108.4700014,15.44208517,U
63,110.18,110.18,106.139999,107.68,37005300,105.607712,7/27/2018,MSFT,-0.017697492,-0.017697527,,108.752002,-1.333313386,D
64,107.190002,107.529999,104.760002,105.370003,34668300,103.342163,7/30/2018,MSFT,-0.021452496,-0.021452424,,108.2320024,-10.57913071,D
65,106.489998,106.720001,105.379997,106.080002,27655200,104.038513,7/31/2018,MSFT,0.006738295,0.006738151,,107.916002,-22.00785756,D
66,106.029999,106.449997,105.419998,106.279999,23628700,104.23465,8/1/2018,MSFT,0.001885235,0.001885341,,107.0060014,-15.60661999,D
67,105.400002,108.089996,104.839996,107.57,26104300,105.499832,8/2/2018,MSFT,0.012137826,0.012137759,,106.5960008,-0.515966824,D
68,107.800003,108.050003,106.82,108.040001,18659600,105.960777,8/3/2018,MSFT,0.004369154,0.004369257,,106.668001,12.51545906,U
69,108.120003,108.419998,107.559998,108.129997,20265900,106.049042,8/6/2018,MSFT,0.000832997,0.000832988,,107.2199998,9.559760324,U
70,108.559998,109.099998,108.169998,108.879997,16080200,106.784607,8/7/2018,MSFT,0.006936083,0.006936096,,107.7799988,12.06159783,U
71,109.330002,109.75,108.760002,109.489998,15487500,107.382874,8/8/2018,MSFT,0.005602558,0.005602508,,108.4219986,8.854282456,U
72,109.709999,110.160004,109.599998,109.669998,13677200,107.559402,8/9/2018,MSFT,0.001643912,0.001643986,,108.8419982,7.487904609,U
73,109.419998,109.690002,108.379997,109,18183700,106.902306,8/10/2018,MSFT,-0.006109145,-0.006109219,,109.033998,3.989595062,U
74,109.239998,109.580002,108.099998,108.209999,18472500,106.127502,8/13/2018,MSFT,-0.007247776,-0.007247716,,109.0499984,-3.071976203,D
75,108.559998,109.75,108.040001,109.559998,16788300,107.45153,8/14/2018,MSFT,0.012475824,0.012475732,,109.1859986,0.320553921,E
76,108.489998,108.989998,106.82,107.660004,29982800,105.994431,8/15/2018,MSFT,-0.013560524,-0.017342041,,108.8199998,-9.235407111,D
77,108.300003,108.860001,107.300003,107.639999,21384300,105.974731,8/16/2018,MSFT,-0.000185859,-0.000185816,,108.414,-6.272257273,D
78,107.360001,107.900002,106.690002,107.580002,18061500,105.915665,8/17/2018,MSFT,-0.000557359,-0.000557386,,108.1300004,-2.913146202,D
79,107.510002,107.900002,106.480003,106.870003,17914200,105.216652,8/20/2018,MSFT,-0.006599713,-0.00659973,,107.8620012,-12.46961381,D
80,106.919998,107.349998,105.849998,105.980003,22881900,104.340416,8/21/2018,MSFT,-0.008327921,-0.008327875,,107.1460022,-7.839774539,D
81,105.849998,107.339996,105.779999,107.059998,18000600,105.403702,8/22/2018,MSFT,0.010190548,0.010190555,,107.026001,-2.709626607,D
82,107.150002,108.18,106.870003,107.559998,18167700,105.895966,8/23/2018,MSFT,0.004670272,0.004670278,,107.0100008,-0.093467899,E
83,107.669998,108.559998,107.559998,108.400002,17234000,106.722969,8/24/2018,MSFT,0.00780958,0.007809632,,107.1740008,7.137920524,U
84,109.269997,109.639999,108.510002,109.599998,19662300,107.904411,8/27/2018,MSFT,0.011070176,0.011070074,,107.7199998,16.80279895,U
85,109.940002,110.5,109.790001,110.260002,19151500,108.554207,8/28/2018,MSFT,0.00602196,0.006021934,,108.5759996,14.73624011,U
86,110.449997,112.029999,110.269997,112.019997,20818000,110.286972,8/29/2018,MSFT,0.01596221,0.015962225,,109.5679994,20.35265326,U
87,111.669998,112.610001,111.440002,111.949997,22798700,110.218056,8/30/2018,MSFT,-0.000624879,-0.000624888,,110.4459992,16.0711797,U
88,111.690002,112.779999,111.519997,112.330002,23222700,110.592186,8/31/2018,MSFT,0.003394453,0.003394417,,111.2319992,12.27166652,U
89,110.849998,111.959999,110.220001,111.709999,22634600,109.981766,9/4/2018,MSFT,-0.005519558,-0.005519478,,111.6539994,6.493260464,U
90,111.010002,111.419998,108.099998,108.489998,32872400,106.811584,9/5/2018,MSFT,-0.028824614,-0.028824644,,111.2999986,-15.85803704,D
91,108.25,108.989998,107.510002,108.739998,23477600,107.057709,9/6/2018,MSFT,0.002304291,0.00230436,,110.6439988,-14.50597879,D
92,108.230003,108.720001,107.230003,108.209999,22498600,106.535919,9/7/2018,MSFT,-0.004873913,-0.004874002,,109.8959992,-18.74500905,D
93,108.839996,109.639999,108.360001,109.379997,20727900,107.687813,9/10/2018,MSFT,0.010812259,0.010812291,,109.3059982,-10.65816167,D
94,108.900002,111.589996,108.889999,111.239998,24301800,109.519043,9/11/2018,MSFT,0.017004988,0.017004947,,109.211998,12.59019178,U
95,111.43,111.849998,110.510002,111.709999,18891100,109.981766,9/12/2018,MSFT,0.004225046,0.004225108,,109.8559982,13.51770067,U
96,112.120003,113.730003,112.120003,112.910004,26055600,111.163208,9/13/2018,MSFT,0.010742162,0.010742145,,110.6899994,21.23048616,U
97,113.360001,113.730003,112.440002,113.370003,19122300,111.616089,9/14/2018,MSFT,0.004074019,0.004074032,,111.7220002,17.85685001,U
98,113.690002,113.699997,111.860001,112.139999,20736500,110.405121,9/17/2018,MSFT,-0.010849404,-0.010849466,,112.2740006,4.008056163,U
99,112.190002,113.699997,111.720001,113.209999,22170900,111.458572,9/18/2018,MSFT,0.009541686,0.009541644,,112.6680008,6.656725909,U
100,113.050003,113.32,111.040001,111.699997,21728400,109.971924,9/19/2018,MSFT,-0.013338122,-0.013338062,,112.6660004,-5.369885306,D
101,112.279999,113.800003,111.93,113.57,23714500,111.812996,9/20/2018,MSFT,0.016741291,0.016741299,,112.7979996,0.886527247,U
102,114,115.290001,113.510002,114.260002,71229700,112.492317,9/21/2018,MSFT,0.00607551,0.006075566,,112.9759994,9.382537049,U
103,113.029999,114.900002,112.220001,114.669998,27334500,112.895973,9/24/2018,MSFT,0.003588298,0.003588272,,113.4819992,6.432733871,U
104,114.800003,115.099998,113.75,114.449997,22668000,112.679375,9/25/2018,MSFT,-0.001918563,-0.001918558,,113.7299988,12.09003794,U
105,114.470001,115.059998,113.739998,113.980003,19352000,112.21666,9/26/2018,MSFT,-0.004106475,-0.004106544,,114.186,1.79532955,U
106,114.779999,114.910004,114.199997,114.410004,19091300,112.639999,9/27/2018,MSFT,0.003772515,0.0037726,,114.3540008,0.655866865,U
107,114.190002,114.57,113.68,114.370003,21647800,112.600616,9/28/2018,MSFT,-0.000349636,-0.000349629,,114.376001,-1.311442074,D
108,114.75,115.68,114.730003,115.610001,18883100,113.821434,10/1/2018,MSFT,0.010842019,0.010841986,,114.5640016,5.06268978,U
109,115.300003,115.839996,114.440002,115.150002,20787200,113.368553,10/2/2018,MSFT,-0.003978873,-0.003978886,,114.7040026,5.100079219,U
110,115.419998,116.18,114.93,115.169998,16648000,113.388237,10/3/2018,MSFT,0.000173628,0.000173652,,114.9420016,3.305989062,U
111,114.610001,114.760002,111.629997,112.790001,34821700,111.045067,10/4/2018,MSFT,-0.020665018,-0.020665078,,114.618001,-6.892468837,D
112,112.629997,113.169998,110.639999,112.129997,29068900,110.395264,10/5/2018,MSFT,-0.005851705,-0.005851618,,114.1699998,-15.24044848,D
113,111.660004,112.029999,109.339996,110.849998,29640600,109.135078,10/8/2018,MSFT,-0.011415218,-0.011415313,,113.2179992,-18.98993106,D
114,111.139999,113.080002,110.800003,112.260002,26198600,110.523254,10/9/2018,MSFT,0.012719797,0.012719928,,112.6399992,-12.91724086,D
115,111.239998,111.5,105.790001,106.160004,61376300,104.517632,10/10/2018,MSFT,-0.054338085,-0.054338125,,110.8380004,-29.90850149,D
116,105.349998,108.93,104.199997,105.910004,63904300,104.271507,10/11/2018,MSFT,-0.002354866,-0.002354936,,109.462001,-28.41165401,D
117,109.010002,111.239998,107.120003,109.57,47742100,107.87487,10/12/2018,MSFT,0.034557504,0.034557604,,108.9500016,-5.87424498,D
118,108.910004,109.480003,106.949997,107.599998,32068100,105.935349,10/15/2018,MSFT,-0.017979359,-0.017979392,,108.3000016,-21.51433025,D
119,109.540001,111.410004,108.949997,111,31610200,109.282745,10/16/2018,MSFT,0.03159848,0.031598532,,108.0480012,22.39743422,U
120,111.68,111.809998,109.550003,110.709999,26548200,108.997238,10/17/2018,MSFT,-0.002612553,-0.002612622,,108.9580002,22.02681304,U
121,110.099998,110.529999,107.830002,108.5,32506200,106.821426,10/18/2018,MSFT,-0.019962084,-0.019962054,,109.4759994,-4.88691588,D
122,108.93,110.860001,108.209999,108.660004,32785500,106.978958,10/19/2018,MSFT,0.001474723,0.001474691,,109.2940002,4.849332983,U
123,109.32,110.540001,108.239998,109.629997,26545600,107.933945,10/22/2018,MSFT,0.008926868,0.008926863,,109.7,-6.244316317,D
124,107.769997,108.970001,105.110001,108.099998,43770400,106.427612,10/23/2018,MSFT,-0.013956064,-0.013956025,,109.1199996,-11.95931548,D
125,108.410004,108.489998,101.589996,102.32,63897800,100.737038,10/24/2018,MSFT,-0.053468963,-0.053468993,,107.4419998,-28.75970296,D
126,106.550003,109.269997,106.150002,108.300003,61646800,106.624535,10/25/2018,MSFT,0.058444214,0.058444126,,107.4020004,-1.675951093,D
127,105.690002,108.75,104.760002,106.959999,55523100,105.30526,10/26/2018,MSFT,-0.01237309,-0.012373074,,107.0619994,-12.46940098,D
128,108.110001,108.699997,101.629997,103.849998,55162000,102.24337,10/29/2018,MSFT,-0.029076325,-0.0290763,,105.9059996,-20.06496335,D
129,103.660004,104.379997,100.110001,103.730003,65350900,102.125237,10/30/2018,MSFT,-0.00115541,-0.001155465,,105.0320006,6.712254322,U
130,105.440002,108.139999,105.389999,106.809998,51062400,105.157578,10/31/2018,MSFT,0.029692377,0.029692422,,105.9300002,-7.032969872,D
131,107.050003,107.32,105.529999,105.919998,33384200,104.281342,11/1/2018,MSFT,-0.0083326,-0.008332553,,105.4539992,-4.931064767,D
132,106.480003,107.32,104.980003,106.160004,37680200,104.517632,11/2/2018,MSFT,0.00226589,0.002265918,,105.2940002,10.96931447,U
133,106.370003,107.739998,105.900002,107.510002,27922100,105.846748,11/5/2018,MSFT,0.012716668,0.012716635,,106.026001,17.82581143,U
134,107.379997,108.839996,106.279999,107.720001,24340200,106.053505,11/6/2018,MSFT,0.001953362,0.001953297,,106.8240006,4.259356488,U
135,109.440002,112.239998,109.400002,111.959999,37901700,110.227905,11/7/2018,MSFT,0.039361264,0.039361288,,107.8540008,28.00082035,U
136,111.800003,112.209999,110.910004,111.75,25644100,110.021149,11/8/2018,MSFT,-0.001875714,-0.001875661,,109.0200012,25.63747908,U
137,110.849998,111.449997,108.760002,109.57,32039200,107.87487,11/9/2018,MSFT,-0.019507877,-0.01950783,,109.7020004,9.389063064,U
138,109.419998,109.959999,106.099998,106.870003,33621800,105.216652,11/12/2018,MSFT,-0.02464168,-0.024641754,,109.5740006,-3.878648198,D
139,107.550003,108.739998,106.639999,106.940002,35374600,105.285568,11/13/2018,MSFT,0.000654991,0.000654992,,109.4180008,-22.93953903,D
140,108.099998,108.260002,104.470001,104.970001,39495100,103.792503,11/14/2018,MSFT,-0.014181098,-0.018421554,,108.0200012,-31.38307223,D
141,104.989998,107.800003,103.910004,107.279999,38505200,106.076599,11/15/2018,MSFT,0.022006368,0.022006268,,107.126001,-10.68835287,D
142,107.080002,108.879997,106.800003,108.290001,33502100,107.075256,11/16/2018,MSFT,0.009414489,0.009414635,,106.8700012,6.643576233,U
143,108.269997,108.559998,103.550003,104.620003,44773900,103.446434,11/19/2018,MSFT,-0.033890388,-0.03389046,,106.4200012,-10.90020191,D
144,101.800003,102.970001,99.349998,101.709999,64052500,100.569077,11/20/2018,MSFT,-0.027814946,-0.027814987,,105.3740006,-15.46872085,D
145,103.599998,104.43,102.239998,103.110001,28130600,101.953369,11/21/2018,MSFT,0.013764589,0.013764645,,105.0020006,-19.856755,D
146,102.169998,103.809998,102,103.07,13823100,101.913811,11/23/2018,MSFT,-0.000388001,-0.000387945,,104.1600008,-25.05760829,D
147,104.790001,106.629997,104.580002,106.470001,32336200,105.275681,11/26/2018,MSFT,0.032987384,0.0329873,,103.7960008,8.911701731,U
148,106.269997,107.330002,105.360001,107.139999,29124500,105.938156,11/27/2018,MSFT,0.006292764,0.006292834,,104.3,26.03068073,U
149,107.889999,111.330002,107.860001,111.120003,46788500,109.87352,11/28/2018,MSFT,0.037147749,0.037147695,,106.1820008,37.71826647,U
150,110.330002,111.120003,109.029999,110.190002,28123200,108.953957,11/29/2018,MSFT,-0.008369287,-0.008369339,,107.598001,33.08612583,U
151,110.699997,110.970001,109.360001,110.889999,33665600,109.646095,11/30/2018,MSFT,0.006352573,0.006352636,,109.1620008,20.24513094,U
152,113,113.419998,110.730003,112.089996,34732800,110.832626,12/3/2018,MSFT,0.010821462,0.010821508,,110.2859998,22.44163815,U
153,111.940002,112.639999,108.209999,108.519997,45197000,107.302681,12/4/2018,MSFT,-0.031849331,-0.031849399,,110.5619994,-11.75813577,D
154,105.82,109.239998,105,109.190002,49107400,107.965172,12/6/2018,MSFT,0.00617404,0.006174023,,110.1759992,-4.538193469,D
155,108.379997,109.449997,104.300003,104.82,45044900,103.644188,12/7/2018,MSFT,-0.040022017,-0.040021998,,109.1019988,-27.81800089,D
156,104.800003,107.980003,103.889999,107.589996,40801500,106.38311,12/10/2018,MSFT,0.0264262,0.026426216,,108.4419982,-20.74841885,D
157,109.800003,110.949997,107.440002,108.589996,42381900,107.371895,12/11/2018,MSFT,0.009294568,0.009294544,,107.7419982,0.32484547,E
158,110.889999,111.269997,109.040001,109.080002,36183000,107.8564,12/12/2018,MSFT,0.004512401,0.004512441,,107.8539992,-0.509948638,D
159,109.580002,110.870003,108.629997,109.449997,31333400,108.222252,12/13/2018,MSFT,0.003392029,0.00339196,,107.9059982,21.45384444,U
160,108.25,109.260002,105.5,106.029999,47043100,104.840607,12/14/2018,MSFT,-0.031247224,-0.031247127,,108.147998,-7.212324911,D
161,105.410004,105.800003,101.709999,102.889999,56957300,101.735832,12/17/2018,MSFT,-0.029614241,-0.02961426,,107.2079986,-26.58382338,D
162,103.75,104.510002,102.519997,103.970001,49319200,102.803719,12/18/2018,MSFT,0.010496666,0.010496666,,106.2839996,-24.03937102,D
163,103.650002,106.879997,101.349998,103.690002,68198200,102.526863,12/19/2018,MSFT,-0.002693054,-0.002693075,,105.2059996,-27.37484089,D
164,103.050003,104.309998,98.779999,101.510002,70334200,100.371323,12/20/2018,MSFT,-0.021024149,-0.021024206,,103.6180006,-21.81086768,D
165,101.629997,103,97.459999,98.230003,111242100,97.128105,12/21/2018,MSFT,-0.032312197,-0.032312077,,102.0580014,-22.83013549,D
166,97.68,97.970001,93.980003,94.129997,43935200,93.074097,12/24/2018,MSFT,-0.041738774,-0.041738836,,100.306001,-49.04992673,D
167,95.139999,100.690002,93.959999,100.559998,51634800,99.431976,12/26/2018,MSFT,0.068309865,0.068309797,,99.6240004,-15.7090861,D
168,99.300003,101.190002,96.400002,101.18,49498500,100.045013,12/27/2018,MSFT,0.006165391,0.006165493,,99.122,-1.664625411,D
169,102.089996,102.410004,99.519997,100.389999,38196300,99.263878,12/28/2018,MSFT,-0.007807835,-0.007807877,,98.8979994,10.92032201,U
170,101.290001,102.400002,100.440002,101.57,33173800,100.430641,12/31/2018,MSFT,0.011754155,0.011754169,,99.5659988,37.36216725,U
171,99.550003,101.75,98.940002,101.120003,35329300,99.985695,1/2/2019,MSFT,-0.004430381,-0.004430413,,100.964,2.77329048,U
172,100.099998,100.190002,97.199997,97.400002,42579100,96.307419,1/3/2019,MSFT,-0.036788023,-0.036787983,,100.3320008,-18.83744952,D
173,99.720001,102.510002,98.93,101.93,44060600,100.786606,1/4/2019,MSFT,0.046509262,0.046509219,,100.4820008,7.663068946,U
174,101.639999,103.269997,100.980003,102.059998,35656100,100.915146,1/7/2019,MSFT,0.001275368,0.001275365,,100.8160006,2.430159881,U
175,103.040001,103.970001,101.709999,102.800003,31514400,101.646843,1/8/2019,MSFT,0.007250616,0.007250686,,101.0620012,8.311729335,U
176,103.860001,104.879997,103.239998,104.269997,32280800,103.100357,1/9/2019,MSFT,0.014299647,0.014299552,,101.692,33.77844373,U
177,103.220001,103.75,102.379997,103.599998,30067600,102.437866,1/10/2019,MSFT,-0.006425691,-0.006425616,,102.9319992,8.11214206,U
178,103.190002,103.440002,101.639999,102.800003,28314200,101.646843,1/11/2019,MSFT,-0.007721979,-0.00772196,,103.1059998,3.588564203,U
179,101.900002,102.870003,101.260002,102.050003,28437100,100.905266,1/14/2019,MSFT,-0.007295623,-0.00729572,,103.1040008,-3.637104255,D
180,102.510002,105.050003,101.879997,105.010002,31587600,103.832062,1/15/2019,MSFT,0.029005384,0.029005379,,103.5460006,3.573315221,U
181,105.260002,106.260002,104.959999,105.379997,29853900,104.197899,1/16/2019,MSFT,0.003523353,0.003523426,,103.7680006,8.576820357,U
182,105,106.629997,104.760002,106.120003,28393000,104.929604,1/17/2019,MSFT,0.007022263,0.007022262,,104.2720016,15.91990155,U
183,107.459999,107.900002,105.910004,107.709999,37427600,106.501762,1/18/2019,MSFT,0.014982978,0.014983,,105.2540008,26.88731999,U
184,106.75,107.099998,104.860001,105.68,32371300,104.494537,1/22/2019,MSFT,-0.018846871,-0.018846895,,105.9800002,3.160964327,U
185,106.120003,107.040001,105.339996,106.709999,25874300,105.512978,1/23/2019,MSFT,0.009746356,0.009746395,,106.3199996,6.254712213,U
186,106.860001,107,105.339996,106.199997,23164800,105.008705,1/24/2019,MSFT,-0.004779251,-0.004779327,,106.4839996,0.375615117,E
187,107.239998,107.879997,106.199997,107.169998,31225600,105.967827,1/25/2019,MSFT,0.009133738,0.00913372,,106.6939986,-2.530606253,D
188,106.260002,106.480003,104.660004,105.080002,29476700,103.901276,1/28/2019,MSFT,-0.019501683,-0.019501689,,106.1679992,-2.825700797,D
189,104.879997,104.970001,102.169998,102.940002,31490500,101.785278,1/29/2019,MSFT,-0.020365467,-0.020365435,,105.6199996,-17.84698454,D
190,104.620003,106.379997,104.330002,106.379997,49471900,105.186691,1/30/2019,MSFT,0.033417534,0.033417476,,105.5539992,0.852644151,U
191,103.800003,105.220001,103.18,104.43,55636400,103.25856,1/31/2019,MSFT,-0.01833056,-0.018330486,,105.1999998,-13.02280421,D
192,103.779999,104.099998,102.349998,102.779999,35535700,101.627075,2/1/2019,MSFT,-0.015799998,-0.015800067,,104.322,-11.02357604,D
193,102.870003,105.800003,102.769997,105.739998,31315100,104.553864,2/4/2019,MSFT,0.028799304,0.028799368,,104.4539992,13.40301004,U
194,106.059998,107.269997,105.959999,107.220001,27325400,106.017273,2/5/2019,MSFT,0.013996699,0.013996624,,105.309999,3.988244269,U
195,107,107,105.529999,106.029999,20609800,104.840607,2/6/2019,MSFT,-0.011098814,-0.011098694,,105.2399994,7.60166766,U
196,105.190002,105.589996,104.290001,105.269997,29760700,104.089134,2/7/2019,MSFT,-0.007167767,-0.007167802,,105.4079988,11.81123837,U
197,104.389999,105.779999,104.260002,105.669998,21461100,104.48465,2/8/2019,MSFT,0.003799782,0.003799763,,105.9859986,-0.330232299,E
198,106.199997,106.580002,104.970001,105.25,18914100,104.069366,2/11/2019,MSFT,-0.003974593,-0.003974619,,105.887999,-9.302286466,D
199,106.139999,107.139999,105.480003,106.889999,25056600,105.690964,2/12/2019,MSFT,0.015581896,0.015581938,,105.8219986,4.063427318,U
200,107.5,107.779999,106.709999,106.809998,18394900,105.611862,2/13/2019,MSFT,-0.000748427,-0.000748442,,105.9779984,7.265663738,U
201,106.309998,107.290001,105.660004,106.900002,21784700,105.700859,2/14/2019,MSFT,0.00084268,0.000842655,,106.3039994,5.78531385,U
202,107.910004,108.300003,107.360001,108.220001,26606900,107.00605,2/15/2019,MSFT,0.01234797,0.012347979,,106.814,13.90267662,U
203,107.790001,108.660004,107.779999,108.169998,18038500,106.956604,2/19/2019,MSFT,-0.000462086,-0.00046205,,107.3979996,5.959137995,U
204,107.860001,107.940002,106.290001,107.150002,21607700,106.400528,2/20/2019,MSFT,-0.005199081,-0.009429565,,107.4500002,1.582149834,U
205,106.900002,109.480003,106.870003,109.410004,29063200,108.644722,2/21/2019,MSFT,0.021091944,0.021091945,,107.9700014,11.62360826,U
206,110.050003,111.199997,109.82,110.970001,27763200,110.193802,2/22/2019,MSFT,0.014258217,0.014258267,,108.7840012,12.63972629,U
207,111.760002,112.18,111.260002,111.589996,23750600,110.809464,2/25/2019,MSFT,0.005587084,0.005587051,,109.4580002,15.62242136,U
208,111.260002,113.239998,111.169998,112.360001,21536700,111.574081,2/26/2019,MSFT,0.006900286,0.006900305,,110.2960008,23.61825888,U
209,111.690002,112.360001,110.879997,112.169998,21487100,111.385406,2/27/2019,MSFT,-0.001691029,-0.00169102,,111.3,12.39889488,U
210,112.040001,112.879997,111.730003,112.029999,29083900,111.246384,2/28/2019,MSFT,-0.001248117,-0.001248097,,111.823999,4.739581885,U
211,112.889999,113.019997,111.669998,112.529999,23501200,111.742897,3/1/2019,MSFT,0.004463183,0.00446309,,112.1359986,4.191352517,U
212,113.019997,113.25,110.800003,112.260002,26608000,111.474785,3/4/2019,MSFT,-0.002399365,-0.002399334,,112.2699998,-0.445350495,E
213,112.25,112.389999,111.230003,111.699997,19538300,110.918694,3/5/2019,MSFT,-0.004988491,-0.004988464,,112.137999,-2.095636645,D
214,111.870003,112.660004,111.43,111.75,17687000,110.968346,3/6/2019,MSFT,0.000447643,0.000447654,,112.0539994,-1.249393156,D
215,111.400002,111.550003,109.870003,110.389999,25339000,109.617867,3/7/2019,MSFT,-0.012169948,-0.012170031,,111.7259994,-9.577000929,D
216,109.160004,110.709999,108.800003,110.510002,22818400,109.737022,3/8/2019,MSFT,0.001087003,0.001087082,,111.322,-7.860081565,D
217,110.989998,112.949997,110.980003,112.830002,26491600,112.040794,3/11/2019,MSFT,0.020993571,0.020993575,,111.436,5.070197243,U
218,112.82,113.989998,112.650002,113.620003,26132700,112.825272,3/12/2019,MSFT,0.007001718,0.007001693,,111.8200012,8.361665981,U
219,114.129997,115,113.779999,114.5,35513800,113.699112,3/13/2019,MSFT,0.007745073,0.007745089,,112.3700012,18.28780349,U
220,114.540001,115.199997,114.330002,114.589996,30763400,113.788483,3/14/2019,MSFT,0.000786031,0.000785991,,113.2100006,18.01958298,U
221,115.339996,117.25,114.589996,115.910004,54681100,115.099251,3/15/2019,MSFT,0.011519338,0.0115194,,114.290001,13.47450334,U
222,116.169998,117.610001,116.050003,117.57,31207600,116.747635,3/18/2019,MSFT,0.014321414,0.014321421,,115.2380006,17.13843081,U
223,118.089996,118.440002,116.989998,117.650002,37588700,116.82708,3/19/2019,MSFT,0.000680485,0.000680463,,116.0440004,13.57244661,U
224,117.389999,118.75,116.709999,117.519997,28113300,116.697983,3/20/2019,MSFT,-0.001105026,-0.001105015,,116.6479998,12.55915663,U
225,117.139999,120.82,117.089996,120.220001,29854400,119.379105,3/21/2019,MSFT,0.022974879,0.022974847,,117.7740008,18.29774386,U
226,119.5,119.589996,117.040001,117.050003,33624500,116.231277,3/22/2019,MSFT,-0.026368333,-0.026368308,,118.0020006,-2.203339763,D
227,116.559998,118.010002,116.32,117.660004,27067100,116.837013,3/25/2019,MSFT,0.005211472,0.005211457,,118.0200014,0.042374173,E
228,118.620003,118.709999,116.849998,117.910004,26097700,117.085266,3/26/2019,MSFT,0.00212478,0.002124766,,118.0720018,1.651564275,U
229,117.879997,118.209999,115.519997,116.769997,22733400,115.953232,3/27/2019,MSFT,-0.009668458,-0.00966845,,117.9220018,-14.62833037,D
230,117.440002,117.580002,116.129997,116.93,18334800,116.112122,3/28/2019,MSFT,0.001370294,0.001370241,,117.2640016,-0.511678769,D
231,118.07,118.32,116.959999,117.940002,25399800,117.115051,3/29/2019,MSFT,0.008637591,0.008637664,,117.4420014,1.192069263,U
232,118.949997,119.110001,118.099998,119.019997,22789100,118.187492,4/1/2019,MSFT,0.009157158,0.009157156,,117.714,4.714787536,U
233,119.059998,119.480003,118.519997,119.190002,18142300,118.356308,4/2/2019,MSFT,0.001428375,0.001428373,,117.9699996,10.25686619,U
234,119.860001,120.43,119.150002,119.970001,22860700,119.130852,4/3/2019,MSFT,0.006544172,0.006544165,,118.6100004,12.81511251,U
235,120.099998,120.230003,118.379997,119.360001,20112800,118.525124,4/4/2019,MSFT,-0.00508456,-0.005084604,,119.0960006,5.961572987,U
236,119.389999,120.230003,119.370003,119.889999,15826200,119.051414,4/5/2019,MSFT,0.004440324,0.004440332,,119.486,3.640602246,U
237,119.809998,120.019997,118.639999,119.93,15116200,119.091133,4/8/2019,MSFT,0.000333629,0.000333648,,119.6680006,3.091879184,U
238,118.629997,119.540001,118.580002,119.279999,17612000,118.445679,4/9/2019,MSFT,-0.005419833,-0.005419837,,119.686,-2.882551008,D
239,119.760002,120.349998,119.540001,120.190002,16477200,119.349312,4/10/2019,MSFT,0.007629092,0.007629133,,119.7300002,3.466136301,U
240,120.540001,120.849998,119.919998,120.330002,14209100,119.488342,4/11/2019,MSFT,0.0011649,0.001164822,,119.9240004,1.834507682,U
241,120.639999,120.980003,120.370003,120.949997,19745100,120.103996,4/12/2019,MSFT,0.005152419,0.005152456,,120.136,4.2451763,U
242,120.940002,121.580002,120.57,121.050003,15792600,120.2033,4/15/2019,MSFT,0.000826817,0.000826838,,120.3600006,7.352957757,U
243,121.639999,121.650002,120.099998,120.769997,14071800,119.925255,4/16/2019,MSFT,-0.002313123,-0.002313143,,120.6580002,2.40346682,U
244,121.239998,121.849998,120.540001,121.769997,19300900,120.918259,4/17/2019,MSFT,0.008280191,0.008280202,,120.9739992,5.951671473,U
245,122.190002,123.519997,121.300003,123.370003,27991000,122.507072,4/18/2019,MSFT,0.013139562,0.013139575,,121.5819994,9.952155796,U
246,122.620003,124,122.57,123.760002,15648700,122.894341,4/22/2019,MSFT,0.003161197,0.003161214,,122.1440004,11.09345932,U
247,124.099998,125.580002,123.830002,125.440002,24025500,124.562599,4/23/2019,MSFT,0.013574734,0.01357466,,123.0220002,18.98036527,U
248,125.790001,125.849998,124.519997,125.010002,31257000,124.135605,4/24/2019,MSFT,-0.003427947,-0.003427934,,123.8700012,13.07824723,U
249,130.059998,131.369995,128.830002,129.149994,38033900,128.246643,4/25/2019,MSFT,0.033117316,0.033117286,,125.3460006,23.05614448,U
250,129.699997,130.520004,129.020004,129.889999,23654900,128.981461,4/26/2019,MSFT,0.005729725,0.005729811,,126.6499998,24.2005409,U
251,129.899994,130.179993,129.350006,129.770004,16324200,128.862305,4/29/2019,MSFT,-0.000923823,-0.00092382,,127.8520002,16.93364982,U
252,129.809998,130.699997,129.389999,130.600006,24166500,129.686493,4/30/2019,MSFT,0.006395881,0.006395946,,128.884001,21.68618276,U
253,130.529999,130.649994,127.699997,127.879997,26821700,126.985519,5/1/2019,MSFT,-0.020826949,-0.02082702,,129.458,-4.905054149,D
254,127.980003,128,125.519997,126.209999,27350200,125.327209,5/2/2019,MSFT,-0.013059048,-0.013059103,,128.870001,-14.27795442,D
255,127.360001,129.429993,127.25,128.899994,24911100,127.998383,5/3/2019,MSFT,0.0213136,0.021313644,,128.672,-3.380727742,D
256,126.389999,128.559998,126.110001,128.149994,24239800,127.253632,5/6/2019,MSFT,-0.005818441,-0.005818464,,128.347998,-9.544410658,D
257,126.459999,127.18,124.220001,125.519997,36017700,124.642029,5/7/2019,MSFT,-0.020522817,-0.020522802,,127.3319962,-9.267113021,D
258,125.440002,126.370003,124.75,125.510002,28419000,124.632103,5/8/2019,MSFT,-7.96E-05,-7.96E-05,,126.8579972,-2.758978604,D
259,124.290001,125.790001,123.57,125.5,27235800,124.622177,5/9/2019,MSFT,-7.96E-05,-7.97E-05,,126.7159974,-13.41580412,D
260,124.910004,127.93,123.82,127.129997,30915100,126.240768,5/10/2019,MSFT,0.012987985,0.012988024,,126.361998,-4.036011681,D
261,124.110001,125.550003,123.040001,123.349998,33944900,122.487213,5/13/2019,MSFT,-0.029733303,-0.029733337,,125.4019988,-8.652170702,D
262,123.870003,125.879997,123.699997,124.730003,25266300,123.857559,5/14/2019,MSFT,0.011187666,0.011187718,,125.244,-3.113917633,D
263,124.260002,126.709999,123.699997,126.019997,24722700,125.601746,5/15/2019,MSFT,0.014082201,0.010342291,,125.345999,2.074246502,U
264,126.75,129.380005,126.459999,128.929993,30112200,128.50209,5/16/2019,MSFT,0.02309159,0.023091542,,126.0319976,7.141027811,U
265,128.309998,130.460007,127.919998,128.070007,25770500,127.644958,5/17/2019,MSFT,-0.006670179,-0.006670178,,126.2199996,18.69754799,U
266,126.519997,127.589996,125.760002,126.220001,23706900,125.801086,5/20/2019,MSFT,-0.014445318,-0.014445271,,126.7940002,5.875664454,U
267,127.43,127.529999,126.580002,126.900002,15293300,126.478836,5/21/2019,MSFT,0.005387473,0.005387427,,127.228,3.458377873,U
268,126.620003,128.240005,126.519997,127.669998,15396500,127.246277,5/22/2019,MSFT,0.006067742,0.006067738,,127.5580002,-4.938910135,D
269,126.199997,126.290001,124.739998,126.18,23603800,125.761223,5/23/2019,MSFT,-0.011670707,-0.011670698,,127.0080016,-7.440503654,D
270,126.910004,127.419998,125.970001,126.239998,14123400,125.821022,5/24/2019,MSFT,0.000475496,0.000475495,,126.6419998,0.078950901,E
271,126.980003,128,126.050003,126.160004,23128400,125.741287,5/28/2019,MSFT,-0.000633718,-0.000633666,,126.6300004,-2.921890538,D
272,125.379997,125.389999,124.040001,124.940002,22763100,124.525337,5/29/2019,MSFT,-0.009670253,-0.009670276,,126.2380004,-10.81289307,D
273,125.260002,125.760002,124.779999,125.730003,16829600,125.312714,5/30/2019,MSFT,0.006323026,0.006323043,,125.8500014,-1.787830731,D
274,124.230003,124.620003,123.32,123.68,26646800,123.269516,5/31/2019,MSFT,-0.016304794,-0.016304804,,125.3500014,-10.21139997,D
275,123.849998,124.370003,119.010002,119.839996,37983600,119.442261,6/3/2019,MSFT,-0.031047863,-0.031047898,,124.070001,-25.46952506,D
276,121.279999,123.279999,120.650002,123.160004,29382600,122.751244,6/4/2019,MSFT,0.02770362,0.027703672,,123.470001,-7.208220562,D
277,124.949997,125.870003,124.209999,125.830002,24926100,125.412384,6/5/2019,MSFT,0.021679129,0.0216791,,123.648001,0.404369659,E
278,126.440002,127.970001,125.599998,127.82,21459000,127.395775,6/6/2019,MSFT,0.015814953,0.015814972,,124.0660004,16.68466778,U
279,129.190002,132.25,128.259995,131.399994,33885600,130.963882,6/7/2019,MSFT,0.028008048,0.02800809,,125.6099992,46.01543696,U
280,132.399994,134.080002,132,132.600006,26477100,132.159912,6/10/2019,MSFT,0.009132518,0.009132512,,128.1620012,36.82839653,U
281,133.880005,134.240005,131.279999,132.100006,23913700,131.661575,6/11/2019,MSFT,-0.003770712,-0.003770739,,129.9500016,24.12467843,U
282,131.399994,131.970001,130.710007,131.490005,17092500,131.053604,6/12/2019,MSFT,-0.00461768,-0.004617721,,131.0820022,13.99888977,U
283,131.979996,133,131.559998,132.320007,17200800,131.880844,6/13/2019,MSFT,0.006312226,0.006312282,,131.9820036,3.48537291,U
284,132.259995,133.789993,131.639999,132.449997,17821700,132.010406,6/14/2019,MSFT,0.000982417,0.000982391,,132.1920042,-0.567390596,D
285,132.630005,133.729996,132.529999,132.850006,14517800,132.409088,6/17/2019,MSFT,0.00302008,0.003020076,,132.2420042,2.835710199,U
286,134.190002,135.240005,133.570007,135.160004,25934500,134.711426,6/18/2019,MSFT,0.017388066,0.017388016,,132.8540038,13.81215054,U
287,135,135.929993,133.809998,135.690002,23744400,135.239655,6/19/2019,MSFT,0.003921189,0.003921264,,133.6940032,12.60338878,U
288,137.449997,137.660004,135.720001,136.949997,33042600,136.495468,6/20/2019,MSFT,0.009285834,0.009285835,,134.6200012,16.71371252,U
289,136.580002,137.729996,136.460007,136.970001,36727900,136.515411,6/21/2019,MSFT,0.000146107,0.000146068,,135.524002,15.20024106,U
290,137,138.399994,137,137.779999,20628800,137.322723,6/24/2019,MSFT,0.005913706,0.005913689,,136.5100006,9.596348211,U
291,137.25,137.589996,132.729996,133.429993,33327400,132.987152,6/25/2019,MSFT,-0.031572131,-0.031572115,,136.1639984,-8.298849279,D
292,134.350006,135.740005,133.600006,133.929993,23657700,133.485489,6/26/2019,MSFT,0.003747257,0.003747283,,135.8119966,-11.11832561,D
293,134.139999,134.710007,133.509995,134.149994,16557500,133.704758,6/27/2019,MSFT,0.001642643,0.001642657,,135.251996,-10.42501066,D
294,134.570007,134.600006,133.160004,133.960007,30043000,133.515411,6/28/2019,MSFT,-0.001416158,-0.001416228,,134.6499972,-14.18489447,D
295,136.630005,136.699997,134.970001,135.679993,22613500,135.229691,7/1/2019,MSFT,0.012839567,0.012839548,,134.229996,8.381137104,U
296,136.119995,136.589996,135.339996,136.580002,15237800,136.126709,7/2/2019,MSFT,0.006633292,0.006633321,,134.8599978,9.825037236,U
297,136.800003,137.740005,136.289993,137.460007,13629300,137.003784,7/3/2019,MSFT,0.006443078,0.006443147,,135.5660006,12.20812366,U
298,135.940002,137.330002,135.720001,137.059998,18141100,136.605103,7/5/2019,MSFT,-0.00291,-0.002910003,,136.1480014,11.38463645,U
299,136.399994,137.100006,135.369995,136.960007,16779700,136.505447,7/8/2019,MSFT,-0.000729519,-0.000729542,,136.7480014,4.680192715,U
300,136,136.970001,135.800003,136.460007,19953100,136.007111,7/9/2019,MSFT,-0.003650668,-0.003650701,,136.9040042,-0.438245034,E
301,137.130005,138.580002,137.020004,137.850006,24204400,137.392502,7/10/2019,MSFT,0.010186166,0.010186127,,137.158005,1.421714321,U
302,138.199997,139.220001,137.869995,138.399994,22327900,137.940659,7/11/2019,MSFT,0.003989716,0.003989757,,137.3460024,4.878176199,U
303,138.850006,139.130005,138.009995,138.899994,18936800,138.438995,7/12/2019,MSFT,0.003612684,0.003612717,,137.7140016,7.043535797,U
304,139.440002,139.539993,138.460007,138.899994,16651500,138.438995,7/15/2019,MSFT,0,0,,138.101999,8.834003192,U
305,138.960007,139.050003,136.520004,137.080002,22726100,136.625046,7/16/2019,MSFT,-0.013102876,-0.013102895,,138.225998,-2.785308159,D
306,137.699997,137.929993,136.220001,136.270004,20211000,135.817734,7/17/2019,MSFT,-0.00590896,-0.005908944,,137.9099976,-7.722391549,D
307,135.550003,136.619995,134.669998,136.419998,30381800,135.967239,7/18/2019,MSFT,0.001100777,0.001100712,,137.5139984,-9.017249258,D
308,140.220001,140.669998,136.449997,136.619995,48992400,136.166565,7/19/2019,MSFT,0.001465985,0.001466039,,137.0579986,-8.317642981,D
309,137.410004,139.190002,137.330002,138.429993,25074900,137.970551,7/22/2019,MSFT,0.013248377,0.013248412,,136.9639984,4.92826953,U
310,139.759995,139.990005,138.029999,139.289993,18034600,138.827698,7/23/2019,MSFT,0.006212536,0.006212527,,137.4059966,10.98929113,U
311,138.899994,140.740005,138.850006,140.720001,20738300,140.25296,7/24/2019,MSFT,0.01026641,0.010266409,,138.295996,15.54637562,U
312,140.429993,140.610001,139.320007,140.190002,18356900,139.724731,7/25/2019,MSFT,-0.003766259,-0.003766337,,139.0499968,12.83713442,U
313,140.369995,141.679993,140.300003,141.339996,19037600,140.870895,7/26/2019,MSFT,0.008203015,0.00820311,,139.993997,10.39331351,U
314,141.5,141.509995,139.369995,141.029999,16605900,140.561935,7/29/2019,MSFT,-0.002193214,-0.002193272,,140.5139982,6.191575296,U
315,140.139999,141.220001,139.800003,140.350006,16846500,139.884201,7/30/2019,MSFT,-0.004821604,-0.00482162,,140.7260008,-1.3145936,D
316,140.330002,140.490005,135.080002,136.270004,38598800,135.817734,7/31/2019,MSFT,-0.029070238,-0.029070195,,139.8360014,-14.01641194,D
317,137,140.940002,136.929993,138.059998,40557500,137.601791,8/1/2019,MSFT,0.01313567,0.013135642,,139.4100006,-11.76385477,D
318,138.089996,138.320007,135.259995,136.899994,30791600,136.445633,8/2/2019,MSFT,-0.008402202,-0.008402173,,138.5220002,-14.90739736,D
319,133.300003,133.929993,130.779999,132.210007,42749600,131.77121,8/5/2019,MSFT,-0.034258502,-0.034258489,,136.7580018,-29.76059497,D
320,133.800003,135.679993,133.210007,134.690002,32696700,134.242981,8/6/2019,MSFT,0.01875805,0.018757998,,135.626001,-5.824849175,D
321,133.789993,135.649994,131.830002,135.279999,33414500,134.831024,8/7/2019,MSFT,0.004380438,0.004380407,,135.428,-10.2637527,D
322,136.600006,138.990005,135.929993,138.889999,27496500,138.429031,8/8/2019,MSFT,0.026685305,0.026685393,,135.5940002,7.338101233,U
323,138.610001,139.380005,136.460007,137.710007,23466700,137.25296,8/9/2019,MSFT,-0.008495841,-0.008495874,,135.7560028,20.25693114,U
324,137.070007,137.860001,135.240005,135.789993,20484300,135.339325,8/12/2019,MSFT,-0.013942395,-0.013942444,,136.472,4.030097749,U
325,136.050003,138.800003,135,138.600006,25154600,138.139999,8/13/2019,MSFT,0.020693719,0.020693815,,137.2540008,12.09439062,U
326,136.360001,136.919998,133.669998,133.979996,32527300,133.979996,8/14/2019,MSFT,-0.030114399,-0.033333404,,136.9940002,-17.92050379,D
327,134.389999,134.580002,132.25,133.679993,28074400,133.679993,8/15/2019,MSFT,-0.002239163,-0.002239163,,135.951999,-14.82145915,D
328,134.880005,136.460007,134.720001,136.130005,24449100,136.130005,8/16/2019,MSFT,0.01832744,0.01832744,,135.6359986,1.253398816,U
329,137.850006,138.550003,136.889999,138.410004,24355700,138.410004,8/19/2019,MSFT,0.016748688,0.016748688,,136.1600008,-0.697715918,D
330,138.210007,138.710007,137.240005,137.259995,21170800,137.259995,8/20/2019,MSFT,-0.008308713,-0.008308713,,135.8919986,12.06840371,U
331,138.550003,139.490005,138,138.789993,14970300,138.789993,8/21/2019,MSFT,0.011146715,0.011146715,,136.853998,18.66953131,U
332,138.660004,139.199997,136.289993,137.779999,18697000,137.779999,8/22/2019,MSFT,-0.007277138,-0.007277138,,137.6739992,5.992395113,U
333,137.190002,138.350006,132.800003,133.389999,38508600,133.389999,8/23/2019,MSFT,-0.03186239,-0.03186239,,137.125998,-18.30435174,D
334,134.990005,135.559998,133.899994,135.449997,20312600,135.449997,8/26/2019,MSFT,0.015443422,0.015443422,,136.5339966,-6.628378444,D
335,136.389999,136.720001,134.660004,135.740005,23102100,135.740005,8/27/2019,MSFT,0.002141071,0.002141071,,136.2299986,-11.19425982,D
336,134.880005,135.759995,133.550003,135.559998,17393300,135.559998,8/28/2019,MSFT,-0.001326116,-0.001326116,,135.5839996,-8.186810415,D
337,137.25,138.440002,136.910004,138.119995,20168700,138.119995,8/29/2019,MSFT,0.018884605,0.018884605,,135.6519988,17.43430263,U
338,139.149994,139.179993,136.270004,137.860001,23940100,137.860001,8/30/2019,MSFT,-0.001882378,-0.001882378,,136.5459992,8.824879579,U
339,136.610001,137.199997,135.699997,136.039993,18869300,136.039993,9/3/2019,MSFT,-0.013201857,-0.013201857,,136.6639984,1.097538501,U
340,137.300003,137.690002,136.479996,137.630005,17995900,137.630005,9/4/2019,MSFT,0.011687828,0.011687828,,137.0419984,7.55245481,U
341,139.110001,140.380005,138.759995,140.050003,26101800,140.050003,9/5/2019,MSFT,0.017583361,0.017583361,,137.9399994,6.995824302,U
342,140.029999,140.179993,138.199997,139.100006,20824500,139.100006,9/6/2019,MSFT,-0.00678327,-0.00678327,,138.1360016,4.488348387,U
343,139.589996,139.75,136.460007,137.520004,25773900,137.520004,9/9/2019,MSFT,-0.011358749,-0.011358749,,138.0680022,5.35971759,U
344,136.800003,136.889999,134.509995,136.080002,28903400,136.080002,9/10/2019,MSFT,-0.010471218,-0.010471218,,138.076004,-5.612861595,D
345,135.910004,136.270004,135.089996,136.119995,24726100,136.119995,9/11/2019,MSFT,0.000293893,0.000293893,,137.774002,-14.26251667,D
346,137.850006,138.419998,136.869995,137.520004,27010000,137.520004,9/12/2019,MSFT,0.010285109,0.010285109,,137.2680022,-5.755172271,D
347,137.779999,138.059998,136.570007,137.320007,23363100,137.320007,9/13/2019,MSFT,-0.001454312,-0.001454312,,136.9120024,-0.730385198,D
348,135.830002,136.699997,135.660004,136.330002,16731400,136.330002,9/16/2019,MSFT,-0.007209474,-0.007209474,,136.674002,0.914585058,U
349,136.960007,137.520004,136.429993,137.389999,17814200,137.389999,9/17/2019,MSFT,0.007775229,0.007775229,,136.9360014,4.637217339,U
350,137.360001,138.669998,136.529999,138.520004,23982100,138.520004,9/18/2019,MSFT,0.008224798,0.008224798,,137.4160032,3.638586397,U
351,140.300003,142.369995,140.070007,141.070007,35772100,141.070007,9/19/2019,MSFT,0.018408915,0.018408915,,138.1260038,13.57456198,U
352,141.009995,141.649994,138.25,139.440002,39167300,139.440002,9/20/2019,MSFT,-0.011554582,-0.011554582,,138.5500028,11.22338483,U
353,139.229996,139.630005,138.440002,139.139999,17139300,139.139999,9/23/2019,MSFT,-0.002151484,-0.002151484,,139.1120022,6.289895812,U
354,140.360001,140.690002,136.880005,137.380005,29773200,137.380005,9/24/2019,MSFT,-0.012649087,-0.012649087,,139.1100034,-4.097473122,D
355,137.5,139.960007,136.029999,139.360001,21382000,139.360001,9/25/2019,MSFT,0.014412549,0.014412549,,139.2780028,-6.13882295,D
356,139.440002,140.179993,138.440002,139.539993,17456600,139.539993,9/26/2019,MSFT,0.001291561,0.001291561,,138.972,0.359752324,E
357,140.149994,140.360001,136.649994,137.729996,22477700,137.729996,9/27/2019,MSFT,-0.01297117,-0.01297117,,138.6299988,-5.085490198,D
358,138.050003,139.220001,137.779999,139.029999,17280900,139.029999,9/30/2019,MSFT,0.009438779,0.009438779,,138.6079988,5.952015808,U
359,139.660004,140.25,137,137.070007,21466600,137.070007,10/1/2019,MSFT,-0.014097619,-0.014097619,,138.5459992,-8.264381553,D
360,136.25,136.369995,133.580002,134.649994,30521700,134.649994,10/2/2019,MSFT,-0.017655307,-0.017655307,,137.6039978,-17.76837548,D
361,134.949997,136.75,133.220001,136.279999,24132900,136.279999,10/3/2019,MSFT,0.012105496,0.012105496,,136.951999,-5.29381466,D
362,136.75,138.25,136.419998,138.119995,22897700,138.119995,10/4/2019,MSFT,0.013501585,0.013501585,,137.0299988,-3.320455404,D
363,137.139999,138.179993,137.020004,137.119995,15303700,137.119995,10/7/2019,MSFT,-0.007240081,-0.007240081,,136.647998,0.182907912,E
364,137.080002,137.759995,135.619995,135.669998,25550500,135.669998,10/8/2019,MSFT,-0.010574658,-0.010574658,,136.3679962,3.739895094,U
365,137.460007,138.699997,136.970001,138.240005,19749900,138.240005,10/9/2019,MSFT,0.018943075,0.018943075,,137.0859984,7.148819073,U
366,138.490005,139.669998,138.25,139.100006,17654600,139.100006,10/10/2019,MSFT,0.006221072,0.006221072,,137.6499998,3.559792958,U
367,140.119995,141.029999,139.5,139.679993,25446000,139.679993,10/11/2019,MSFT,0.004169568,0.004169568,,137.9619994,9.2779099,U
368,139.690002,140.289993,139.520004,139.550003,13304300,139.550003,10/14/2019,MSFT,-0.000930627,-0.000930627,,138.448001,14.01249918,U
369,140.059998,141.789993,139.809998,141.570007,19695700,141.570007,10/15/2019,MSFT,0.014475127,0.014475127,,139.6280028,11.92454928,U
370,140.789993,140.990005,139.529999,140.410004,20751600,140.410004,10/16/2019,MSFT,-0.008193847,-0.008193847,,140.0620026,4.67649318,U
371,140.949997,141.419998,139.020004,139.690002,21460600,139.690002,10/17/2019,MSFT,-0.005127854,-0.005127854,,140.1800018,0.035700527,E
372,139.759995,140,136.559998,137.410004,32273500,137.410004,10/18/2019,MSFT,-0.016321841,-0.016321841,,139.726004,-7.657840841,D
373,138.449997,138.5,137.009995,138.429993,20078200,138.429993,10/21/2019,MSFT,0.00742296,0.00742296,,139.502002,-11.25436895,D
374,138.970001,140.009995,136.259995,136.369995,27431000,136.369995,10/22/2019,MSFT,-0.014881154,-0.014881154,,138.4619996,-14.5888728,D
375,136.880005,137.449997,135.610001,137.240005,29844600,137.240005,10/23/2019,MSFT,0.006379776,0.006379776,,137.8279998,-8.887878383,D
376,139.389999,140.419998,138.669998,139.940002,37029300,139.940002,10/24/2019,MSFT,0.019673542,0.019673542,,137.8779998,9.174770463,U
377,139.339996,141.139999,139.199997,140.729996,25274600,140.729996,10/25/2019,MSFT,0.005645234,0.005645234,,,,
378,144.399994,145.669998,143.509995,144.190002,35280100,144.190002,10/28/2019,MSFT,0.02458613,0.02458613,,,,
379,144.080002,144.5,142.649994,142.830002,20519700,142.830002,10/29/2019,MSFT,-0.009431999,-0.009431999,,,,
380,143.520004,145,142.789993,144.610001,18471700,144.610001,10/30/2019,MSFT,0.012462361,0.012462361,,,,
381,144.899994,144.929993,142.990005,143.369995,2459620000,143.369995,10/31/2019,MSFT,-0.008574829,-0.008574829,,,,
382,35.52,35.810001,35.470001,35.529999,3082800,33.983719,4/30/2018,AZN,NA,NA,,,,
383,35.689999,36.150002,35.490002,36.139999,6419000,34.567169,5/1/2018,AZN,0.017168515,0.01716859,,,,
384,35.830002,35.990002,35.509998,35.540001,5403400,33.993286,5/2/2018,AZN,-0.016601967,-0.016602048,,,,
385,35.810001,35.93,35.52,35.82,4985100,34.261101,5/3/2018,AZN,0.007878468,0.007878418,,,,
386,35.509998,35.75,35.400002,35.580002,5477500,34.031544,5/4/2018,AZN,-0.006700223,-0.006700112,,,,
387,35.77,36.09,35.689999,35.970001,3168700,34.404572,5/7/2018,AZN,0.010961242,0.010961185,,,,
388,35.810001,35.959999,35.48,35.66,4682700,34.108063,5/8/2018,AZN,-0.008618302,-0.008618321,,36.1299996,10.51754786,U
389,35.68,36.349998,35.610001,36.16,3930900,34.586304,5/9/2018,AZN,0.014021347,0.014021312,,36.246,1.103597638,U
390,36.009998,36.18,35.889999,36.009998,2629600,34.442829,5/10/2018,AZN,-0.004148318,-0.004148285,,36.314,6.746736796,U
391,36.25,36.5,35.990002,36.400002,3441000,34.815861,5/11/2018,AZN,0.010830469,0.010830437,,36.4000002,0.549409338,U
392,36.459999,36.52,36.330002,36.419998,3362400,34.834984,5/14/2018,AZN,0.000549261,0.000549341,,36.3860002,-1.236684432,D
393,36.119999,36.369999,35.959999,36.240002,4401400,34.662823,5/15/2018,AZN,-0.004942187,-0.00494223,,36.4600008,7.542498463,U
394,36.48,36.59,36.34,36.5,3442400,34.911503,5/16/2018,AZN,0.007174257,0.007174337,,36.6220002,7.509133813,U
395,36.630001,36.740002,36.18,36.439999,5134500,34.854118,5/17/2018,AZN,-0.001643728,-0.001643863,,36.6900002,5.451090186,U
396,35.43,36.669998,35.419998,36.330002,5758500,34.748905,5/18/2018,AZN,-0.003018668,-0.003018579,,36.7780006,7.477282493,U
397,36.889999,37.009998,36.610001,36.790001,8240800,35.188889,5/21/2018,AZN,0.012661809,0.012661684,,36.9200004,3.385698772,U
398,37.119999,37.299999,36.82,37.049999,7644100,35.437565,5/22/2018,AZN,0.00706689,0.007067083,,36.8380004,-9.093843215,D
399,36.830002,36.91,36.68,36.84,4918300,35.23671,5/23/2018,AZN,-0.005667856,-0.005667989,,36.8000008,0.271752711,E
400,37.009998,37.080002,36.77,36.880001,3520200,35.274971,5/24/2018,AZN,0.001085828,0.001085803,,36.8380006,2.035913969,U
401,36.82,37.150002,36.740002,37.040001,5445200,35.428005,5/25/2018,AZN,0.004338317,0.004338395,,36.8240006,-3.122963234,D
402,36.439999,36.540001,36.279999,36.380001,2745100,34.79673,5/29/2018,AZN,-0.017818531,-0.017818574,,36.7660004,5.031809226,U
403,36.619999,37.09,36.580002,36.860001,2470700,35.255836,5/30/2018,AZN,0.013193941,0.013194062,,36.7840004,-5.301217863,D
404,37,37.169998,36.639999,37.029999,5900300,35.418438,5/31/2018,AZN,0.004612059,0.004611991,,36.7340004,-5.716747365,D
405,36.720001,36.860001,36.48,36.810001,2730500,35.208015,6/1/2018,AZN,-0.005941058,-0.005941075,,36.6000008,-6.147540849,D
406,37.02,37.060001,36.57,36.75,2193400,35.150627,6/4/2018,AZN,-0.00162997,-0.001630019,,36.5220002,-4.517852229,D
407,36.66,36.68,36.380001,36.470001,1537100,34.882813,6/5/2018,AZN,-0.007619039,-0.00761902,,36.446,-1.371920101,D
408,36.529999,36.73,36.43,36.610001,2738500,35.01672,6/6/2018,AZN,0.003838767,0.003838771,,36.3839998,-6.184050716,D
409,36.639999,36.66,36.279999,36.360001,2039900,34.777599,6/7/2018,AZN,-0.006828766,-0.006828735,,36.2979996,-2.479489255,D
410,36.43,36.540001,36.299999,36.419998,2640200,34.834984,6/8/2018,AZN,0.001650056,0.001650082,,36.3219994,0.825973253,U
411,36.34,36.580002,36.23,36.369999,1601700,34.787163,6/11/2018,AZN,-0.001372787,-0.001372845,,36.3199998,0.550674563,U
412,36.290001,36.48,36.139999,36.16,2377700,34.586304,6/12/2018,AZN,-0.00577394,-0.005773962,,36.2659996,-0.827248672,D
413,36.41,36.439999,36.029999,36.18,2476500,34.605431,6/13/2018,AZN,0.000553022,0.000553097,,36.2219994,-3.312917619,D
414,36.689999,36.959999,36.419998,36.48,2870600,34.892376,6/14/2018,AZN,0.008291907,0.008291874,,36.2119996,-4.832638405,D
415,36.450001,36.509998,36.240002,36.41,2072000,34.82542,6/15/2018,AZN,-0.001918929,-0.00191886,,35.946,-17.52626161,D
416,36.080002,36.16,35.98,36.099998,1900700,34.528912,6/18/2018,AZN,-0.008514126,-0.008514199,,35.6760002,-14.57558294,D
417,35.720001,35.939999,35.630001,35.939999,1991800,34.375877,6/19/2018,AZN,-0.004432083,-0.004432106,,35.4500008,-13.68121267,D
418,36.130001,36.169998,35.939999,36.130001,1731600,34.55761,6/20/2018,AZN,0.005286643,0.005286645,,35.2380012,-17.73653382,D
419,35.610001,35.66,34.919998,35.150002,5349000,33.620258,6/21/2018,AZN,-0.027124329,-0.027124245,,34.9220008,-8.590616034,D
420,35.029999,35.16,34.950001,35.060001,5372800,33.534176,6/22/2018,AZN,-0.002560421,-0.002560483,,34.8720008,-2.294089762,D
421,35.259998,35.310001,34.82,34.970001,2818200,33.448093,6/25/2018,AZN,-0.002567023,-0.002567028,,34.8820008,2.006765621,U
422,35.18,35.18,34.82,34.880001,5032200,33.362011,6/26/2018,AZN,-0.0025736,-0.002573634,,34.8520006,-0.86079707,D
423,34.779999,34.990002,34.470001,34.549999,5176100,33.046371,6/27/2018,AZN,-0.00946106,-0.009461066,,34.828,3.014801309,U
424,34.43,34.93,34.380001,34.900002,2941300,33.381142,6/28/2018,AZN,0.010130341,0.010130333,,34.9040002,0.429721519,E
425,35.200001,35.32,35.110001,35.110001,3455400,33.582001,6/29/2018,AZN,0.00601714,0.006017163,,34.9599998,1.001129868,U
426,34.52,34.82,34.490002,34.82,4119700,33.304623,7/2/2018,AZN,-0.008259722,-0.008259783,,35.0099998,7.712096588,U
427,34.830002,34.98,34.709999,34.759998,1909600,33.247227,7/3/2018,AZN,-0.001723364,-0.001723205,,35.1659994,11.94335458,U
428,34.400002,34.990002,34.400002,34.93,3715700,33.409832,7/5/2018,AZN,0.004890784,0.004890737,,35.3019996,7.223372695,U
429,34.900002,35.259998,34.830002,35.18,2736100,33.648952,7/6/2018,AZN,0.007157175,0.007157171,,35.7079994,24.92437311,U
430,35.32,35.43,35.150002,35.360001,2062500,33.821117,7/9/2018,AZN,0.005116504,0.005116572,,36.1039994,24.92797238,U
431,35.720001,35.77,35.470001,35.599998,2407800,34.050674,7/10/2018,AZN,0.006787387,0.006787245,,36.3639992,14.57488207,U
432,35.330002,35.459999,35.25,35.439999,2717600,33.897636,7/11/2018,AZN,-0.004494419,-0.004494354,,36.6779992,23.58360649,U
433,36.279999,36.990002,36.240002,36.959999,8103200,35.351486,7/12/2018,AZN,0.042889422,0.042889392,,37.0559998,4.992484375,U
434,36.709999,37.18,36.700001,37.16,5218800,35.542782,7/13/2018,AZN,0.005411258,0.005411283,,37.0699998,-1.753452936,D
435,36.73,36.849998,36.580002,36.66,3288200,35.064541,7/16/2018,AZN,-0.013455362,-0.013455328,,37.0719994,6.878479826,U
436,36.869999,37.23,36.810001,37.169998,3201700,35.552345,7/17/2018,AZN,0.013911604,0.013911566,,37.1719994,-0.134482946,E
437,37.16,37.369999,36.970001,37.330002,3626600,35.705383,7/18/2018,AZN,0.004304582,0.004304655,,37.2219994,1.208908729,U
438,37.259998,37.349998,36.959999,37.029999,2809000,35.418438,7/19/2018,AZN,-0.008036463,-0.008036512,,37.2439988,5.504242471,U
439,36.990002,37.369999,36.959999,37.169998,2004700,35.552345,7/20/2018,AZN,0.003780714,0.003780691,,37.4679994,13.07788,U
440,37.16,37.310001,37.099998,37.16,1739700,35.542782,7/23/2018,AZN,-0.000268984,-0.00026898,,37.6799998,14.19851388,U
441,37.189999,37.52,37.150002,37.419998,1748700,35.791466,7/24/2018,AZN,0.006996751,0.006996717,,37.9460002,14.0990354,U
442,37.060001,37.470001,37.049999,37.439999,2712200,35.810596,7/25/2018,AZN,0.000534485,0.0005345,,38.2880008,22.06960359,U
443,37.959999,38.73,37.900002,38.150002,6361300,36.4897,7/26/2018,AZN,0.018963773,0.018963756,,38.550001,7.782075025,U
444,38.27,38.330002,37.91,38.23,5824600,36.566216,7/27/2018,AZN,0.002096921,0.002096933,,38.668001,6.594625877,U
445,38.330002,38.700001,38.310001,38.490002,5274900,36.814899,7/30/2018,AZN,0.006800895,0.006800994,,38.754001,2.193296119,U
446,38.830002,39.25,38.810001,39.130001,6709700,37.427048,7/31/2018,AZN,0.016627752,0.016627669,,38.7120004,-10.97853367,D
447,38.689999,38.869999,38.599998,38.75,3860500,37.063583,8/1/2018,AZN,-0.009711292,-0.009711244,,38.66,1.551978789,U
448,38.18,38.759998,38.18,38.740002,4556800,37.05402,8/2/2018,AZN,-0.000258016,-0.000258013,,38.76,6.578921569,U
449,38.360001,38.759998,38.360001,38.66,4095400,36.977501,8/3/2018,AZN,-0.002065066,-0.002065101,,38.9339998,12.20014646,U
450,37.939999,38.380001,37.939999,38.279999,3278000,36.614037,8/6/2018,AZN,-0.009829328,-0.009829307,,39.078,14.07444086,U
451,39.240002,39.27,38.869999,38.869999,3970000,37.17836,8/7/2018,AZN,0.01541275,0.015412749,,39.2260002,1.912009882,U
452,38.98,39.279999,38.830002,39.25,2863500,37.541824,8/8/2018,AZN,0.009776225,0.009776203,,39.2480004,-3.43966568,D
453,39.75,39.759998,39.490002,39.610001,6829400,38.325558,8/9/2018,AZN,0.02087629,0.009172,,39.0880006,-14.83831332,D
454,39.400002,39.720001,39.310001,39.380001,5708400,38.103016,8/10/2018,AZN,-0.005806621,-0.005806614,,38.7580002,-18.31882441,D
455,39.380001,39.439999,38.98,39.02,3009200,37.754692,8/13/2018,AZN,-0.009141639,-0.009141721,,38.5059998,-11.68650346,D
456,38.900002,39.119999,38.860001,38.98,4422400,37.715984,8/14/2018,AZN,-0.00102525,-0.001025115,,38.4719994,-1.689566464,D
457,38.630001,38.639999,38.169998,38.450001,6109000,37.203175,8/15/2018,AZN,-0.013596596,-0.013596691,,38.427999,4.033478298,U
458,38.330002,38.41,37.849998,37.959999,6798400,36.729061,8/16/2018,AZN,-0.012743912,-0.012743875,,38.4699988,9.098011721,U
459,38.290001,38.380001,38.07,38.119999,8235400,36.883873,8/17/2018,AZN,0.004214973,0.004214963,,38.4999992,-0.129844159,E
460,38.599998,38.939999,38.580002,38.849998,6166000,37.590202,8/20/2018,AZN,0.019150077,0.019150027,,38.5359992,-7.13617152,D
461,39.080002,39.080002,38.720001,38.759998,4979100,37.503117,8/21/2018,AZN,-0.002316694,-0.002316602,,38.4859992,-2.078678004,D
462,38.950001,38.950001,38.599998,38.66,2311200,37.406364,8/22/2018,AZN,-0.002579866,-0.002579928,,38.464,-0.129965682,E
463,38.709999,38.709999,38.099998,38.110001,3232800,36.874199,8/23/2018,AZN,-0.01422659,-0.014226565,,38.496,9.221724335,U
464,38.5,38.509998,38.25,38.299999,3087100,37.058037,8/24/2018,AZN,0.004985546,0.004985515,,38.6579994,8.019025941,U
465,38.66,38.66,38.32,38.599998,3447800,37.348309,8/27/2018,AZN,0.007832903,0.007832872,,38.6659996,-3.362101105,D
466,38.549999,38.799999,38.490002,38.650002,2828900,37.39669,8/28/2018,AZN,0.0012954,0.00129544,,38.51,-10.77644768,D
467,38.759998,38.849998,38.529999,38.82,2995400,37.561172,8/29/2018,AZN,0.004398304,0.004398396,,38.2659996,-18.16233751,D
468,38.740002,39.009998,38.639999,38.919998,2822300,37.657932,8/30/2018,AZN,0.002576064,0.00257594,,37.9159996,-24.39600722,D
469,38.200001,38.419998,38.150002,38.34,3605600,37.096741,8/31/2018,AZN,-0.014902332,-0.014902313,,37.568,-15.43867121,D
470,37.830002,37.950001,37.700001,37.82,3053200,36.593601,9/4/2018,AZN,-0.013562916,-0.013562859,,37.45,-0.934579439,D
471,37.619999,37.77,37.360001,37.43,2678300,36.216251,9/5/2018,AZN,-0.010311912,-0.010312004,,37.4800002,7.203855351,U
472,37.189999,37.299999,36.880001,37.07,2252300,35.86792,9/6/2018,AZN,-0.009618086,-0.009617954,,37.572,10.91236825,U
473,36.950001,37.240002,36.939999,37.18,2167200,35.974358,9/7/2018,AZN,0.002967499,0.002967359,,37.6840002,5.970716983,U
474,37.830002,37.990002,37.599998,37.75,3072800,36.525871,9/10/2018,AZN,0.015330725,0.015330823,,37.7380004,-3.974760147,D
475,37.869999,38,37.66,37.970001,3783800,36.738739,9/11/2018,AZN,0.005827869,0.005827841,,37.7000006,-5.437665696,D
476,37.889999,37.939999,37.709999,37.889999,7607100,36.661331,9/12/2018,AZN,-0.002106986,-0.002106979,,37.6040008,-5.318543127,D
477,37.639999,37.689999,37.279999,37.630001,5416000,36.409763,9/13/2018,AZN,-0.006861944,-0.006861916,,37.4860008,-4.401669863,D
478,37.369999,37.580002,37.27,37.450001,3847800,36.235603,9/14/2018,AZN,-0.004783332,-0.004783417,,37.5040008,3.599615964,U
479,37.419998,37.68,37.369999,37.560001,3833900,36.342033,9/17/2018,AZN,0.002937167,0.00293725,,37.5500006,1.597856166,U
480,37.279999,37.599998,37.279999,37.490002,3625400,36.274303,9/18/2018,AZN,-0.001863682,-0.001863658,,37.608,4.786162519,U
481,37.369999,37.490002,37.240002,37.299999,2142600,36.090466,9/19/2018,AZN,-0.005067968,-0.005068098,,37.8479994,18.36292568,U
482,37.450001,37.75,37.43,37.720001,1839100,36.496849,9/20/2018,AZN,0.011260121,0.011260108,,38.204,17.79919642,U
483,37.459999,37.77,37.43,37.68,1705200,36.458141,9/21/2018,AZN,-0.001060585,-0.001060472,,38.604,26.42214537,U
484,37.700001,37.91,37.700001,37.849998,2143300,36.622627,9/24/2018,AZN,0.00451164,0.004511624,,38.982,22.06148992,U
485,38.400002,38.810001,38.380001,38.689999,6051500,37.435387,9/25/2018,AZN,0.022192837,0.022192894,,39.3120004,10.30221042,U
486,39.029999,39.259998,39.009998,39.080002,6031900,37.812748,9/26/2018,AZN,0.010080329,0.010080202,,39.5200006,8.223658782,U
487,39.419998,39.73,39.349998,39.720001,5442400,38.431992,9/27/2018,AZN,0.016376593,0.016376637,,39.7200006,4.531734574,U
488,39.5,39.740002,39.43,39.57,3611000,38.286854,9/28/2018,AZN,-0.003776489,-0.00377646,,39.678,-0.756111699,D
489,39.59,39.799999,39.470001,39.5,2543500,38.219124,10/1/2018,AZN,-0.001769015,-0.001769017,,39.5760002,-5.558911939,D
490,39.450001,39.75,39.299999,39.73,1868200,38.441666,10/2/2018,AZN,0.005822792,0.005822785,,39.3459998,-17.53675097,D
491,39.970001,40.16,39.919998,40.080002,6248900,38.780319,10/3/2018,AZN,0.00880953,0.008809514,,39.0559996,-23.04387314,D
492,39.720001,39.889999,39.200001,39.509998,4986500,38.228798,10/4/2018,AZN,-0.014221673,-0.014221656,,38.649999,-18.88743904,D
493,38.970001,39.34,38.880001,39.060001,3303400,37.793392,10/5/2018,AZN,-0.011389477,-0.011389446,,38.2759992,-18.54950922,D
494,38.389999,38.509998,38.110001,38.349998,2906300,37.106411,10/8/2018,AZN,-0.018177278,-0.01817724,,37.8939994,-15.83358868,D
495,37.619999,38.389999,37.619999,38.279999,3946400,37.038685,10/9/2018,AZN,-0.001825183,-0.001825267,,37.718,-10.73755236,D
496,38.400002,38.48,38.049999,38.049999,3227800,36.816143,10/10/2018,AZN,-0.006008367,-0.00600836,,37.8780006,13.59632219,U
497,38.110001,38.130001,37.41,37.639999,6067200,36.419437,10/11/2018,AZN,-0.010775328,-0.010775296,,38.126001,21.63880235,U
498,37.43,37.549999,36.880001,37.150002,3687000,35.945332,10/12/2018,AZN,-0.013017911,-0.013017987,,38.3880014,23.44481263,U
499,37.389999,37.599998,37.240002,37.470001,3034700,36.254951,10/15/2018,AZN,0.008613608,0.008613701,,38.8000008,22.42265418,U
500,38.380001,39.169998,38.299999,39.080002,7622100,37.812748,10/16/2018,AZN,0.042967842,0.042967733,,39.204001,5.229058126,U
501,39.360001,39.43,38.810001,39.290001,4895200,38.015938,10/17/2018,AZN,0.005373585,0.005373567,,39.3060006,3.816198486,U
502,39.110001,39.200001,38.709999,38.950001,5896100,37.686962,10/18/2018,AZN,-0.008653634,-0.008653601,,39.0200006,-13.96719609,D
503,39.330002,39.509998,39.09,39.209999,3574900,37.93853,10/19/2018,AZN,0.0066752,0.006675173,,38.7860002,-18.43448658,D
504,39.669998,39.720001,39.27,39.490002,4488600,38.209454,10/22/2018,AZN,0.007141131,0.007141112,,38.5240008,-20.63648592,D
505,39.16,39.759998,39.029999,39.59,4603400,38.306206,10/23/2018,AZN,0.002532148,0.002532236,,38.2260004,-20.79736283,D
506,39.419998,39.419998,37.790001,37.860001,5809500,36.632309,10/24/2018,AZN,-0.043697802,-0.043697878,,37.9980006,7.763566381,U
507,36.93,38.07,36.669998,37.779999,5385300,36.554897,10/25/2018,AZN,-0.002113217,-0.002113101,,38.1820002,13.09517567,U
508,37.220001,38.130001,36.939999,37.900002,3960300,36.671009,10/26/2018,AZN,0.003176373,0.003176363,,38.328,7.957576706,U
509,38.459999,38.509998,37.709999,38,7780900,36.767769,10/29/2018,AZN,0.002638597,0.00263847,,38.3179992,-1.957330799,D
510,38.09,38.549999,38.02,38.450001,4884100,37.203175,10/30/2018,AZN,0.011842057,0.011842132,,38.5159996,7.01008679,U
511,39.369999,39.419998,38.709999,38.779999,4638500,37.522472,10/31/2018,AZN,0.00858252,0.008582523,,38.4979996,-5.454802904,D
512,38.470001,38.759998,38.169998,38.509998,2853700,37.261227,11/1/2018,AZN,-0.006962361,-0.006962378,,38.5839996,9.071130614,U
513,38.23,38.43,37.630001,37.849998,3369200,36.622627,11/2/2018,AZN,-0.017138459,-0.017138406,,39.0120004,35.88644483,U
514,38.720001,39.209999,38.68,38.990002,4129000,37.725666,11/5/2018,AZN,0.030119057,0.030118998,,39.636001,24.97728012,U
515,38.369999,38.41,37.669998,38.360001,2778700,37.116093,11/6/2018,AZN,-0.016158045,-0.016158014,,40.0200006,31.85905749,U
516,38.849998,39.240002,38.700001,39.209999,3950600,37.93853,11/7/2018,AZN,0.022158501,0.022158446,,40.6460008,28.04707665,U
517,39.970001,41.279999,39.93,40.650002,5475600,39.331837,11/8/2018,AZN,0.036725382,0.036725403,,41.0840014,9.12764062,U
518,41.009998,41.040001,40.5,40.970001,5144700,39.641457,11/9/2018,AZN,0.007871994,0.007872054,,41.2340014,5.214155617,U
519,41.189999,41.389999,40.259998,40.91,4398100,39.583405,11/12/2018,AZN,-0.001464426,-0.001464511,,41.1740008,-2.914484812,D
520,41.509998,41.779999,41.349998,41.490002,9200700,40.144596,11/13/2018,AZN,0.014177431,0.014177512,,41.1520006,-8.383589983,D
521,41.59,41.73,41.279999,41.400002,5425000,40.057514,11/14/2018,AZN,-0.002169209,-0.002169197,,40.9220002,-12.95149302,D
522,41.310001,41.41,40.75,41.400002,6780000,40.057514,11/15/2018,AZN,0,0,,40.6879998,-14.37772815,D
523,39.950001,40.709999,39.939999,40.669998,7069200,39.351181,11/16/2018,AZN,-0.017632971,-0.017632946,,40.4479996,-5.80989177,D
524,40.450001,40.939999,40.099998,40.799999,6167500,39.476967,11/19/2018,AZN,0.003196499,0.003196484,,40.332,-8.801931469,D
525,40.599998,40.98,40.27,40.34,4330000,39.031887,11/20/2018,AZN,-0.011274422,-0.011274486,,40.1520006,-5.479154132,D
526,40.18,40.41,40.060001,40.23,1771000,38.925453,11/21/2018,AZN,-0.002726847,-0.002726822,,40.1080004,-1.371309949,D
527,39.740002,40.41,39.740002,40.200001,2185400,38.896427,11/23/2018,AZN,-0.000745682,-0.000745687,,40.1040002,0.124650907,E
528,40.18,40.310001,39.900002,40.09,3674000,38.789993,11/26/2018,AZN,-0.002736344,-0.002736343,,40.028,-3.372639153,D
529,39.5,39.919998,39.25,39.900002,5834400,38.606155,11/27/2018,AZN,-0.004739315,-0.004739287,,39.9220002,-4.258316195,D
530,39.75,40.139999,39.619999,40.119999,5109000,38.819016,11/28/2018,AZN,0.005513654,0.005513709,,39.9159996,-3.131576342,D
531,39.98,40.450001,39.889999,40.209999,4519000,38.906101,11/29/2018,AZN,0.002243359,0.00224327,,39.6659996,-16.89104036,D
532,39.91,40.139999,39.669998,39.82,4478900,38.528748,11/30/2018,AZN,-0.00969907,-0.009699055,,39.2599998,-20.88639848,D
533,39.950001,40,39.43,39.560001,6550400,38.277184,12/3/2018,AZN,-0.006529254,-0.006529357,,38.9779998,-14.75192424,D
534,39.939999,40.349998,39.73,39.869999,5955700,38.577126,12/4/2018,AZN,0.007836052,0.007836147,,38.7979996,-15.59357457,D
535,38.669998,39,38.43,38.869999,5609400,37.609554,12/6/2018,AZN,-0.025081495,-0.025081516,,38.6059998,0.518067143,U
536,38.490002,38.709999,38.119999,38.18,3825900,36.941929,12/7/2018,AZN,-0.017751473,-0.017751454,,38.6800004,13.70219738,U
537,38.860001,38.860001,38.130001,38.41,6815800,37.164467,12/10/2018,AZN,0.006023995,0.006024096,,38.8740008,9.51795525,U
538,39.139999,39.310001,38.450001,38.66,6533300,37.406364,12/11/2018,AZN,0.006508825,0.006508722,,38.8620004,-3.98849772,D
539,38.91,39.310001,38.889999,38.91,4978200,37.648254,12/12/2018,AZN,0.006466547,0.006466632,,38.7760004,-8.768310205,D
540,39.259998,39.5,39.029999,39.240002,2060400,37.967556,12/13/2018,AZN,0.00848119,0.008481162,,38.5880006,-16.45590573,D
541,39.200001,39.209999,38.91,39.150002,4628400,37.880478,12/14/2018,AZN,-0.002293484,-0.002293578,,38.3480004,-14.47273637,D
542,39.200001,39.279999,38.169998,38.349998,4360600,37.106411,12/17/2018,AZN,-0.020434457,-0.020434328,,38.0199996,-11.04681758,D
543,38.470001,38.59,38.07,38.23,2882100,36.990307,12/18/2018,AZN,-0.003128947,-0.003129022,,37.7220002,-18.15915106,D
544,38.48,38.529999,37.650002,37.970001,4191500,36.738739,12/19/2018,AZN,-0.006800917,-0.006800916,,37.5980004,-4.787488645,D
545,38.91,38.91,37.860001,38.040001,4608600,36.806469,12/20/2018,AZN,0.001843558,0.001843561,,37.464,-9.876174461,D
546,37.700001,38.209999,37.490002,37.509998,3445700,36.293655,12/21/2018,AZN,-0.013932714,-0.013932781,,37.4099998,3.475033432,U
547,37.869999,37.869999,36.849998,36.860001,3341300,35.66473,12/24/2018,AZN,-0.017328787,-0.017328633,,37.5040002,14.9317272,U
548,36.549999,37.619999,36.5,37.610001,4502500,36.390411,12/26/2018,AZN,0.020347301,0.020347259,,37.6919998,2.520402221,U
549,36.900002,37.299999,36.490002,37.299999,6091200,36.090466,12/27/2018,AZN,-0.008242419,-0.008242542,,37.836,13.61141505,U
550,37.549999,38.099998,37.52,37.77,3241100,36.545223,12/28/2018,AZN,0.012600475,0.012600563,,38.2120002,18.44970157,U
551,37.82,38.139999,37.810001,37.98,1625600,36.748413,12/31/2018,AZN,0.005559961,0.005559968,,38.414,10.41285729,U
552,37.720001,38,37.59,37.799999,3594000,36.574249,1/2/2019,AZN,-0.004739361,-0.004739363,,38.4440002,4.291983122,U
553,38.380001,38.84,38.310001,38.330002,5013500,37.087067,1/3/2019,AZN,0.014021286,0.014021244,,38.4440002,-6.893182255,D
554,38.82,39.380001,38.68,39.18,2854000,37.9095,1/4/2019,AZN,0.022175736,0.022175788,,38.4299994,-11.96984146,D
555,39,39.139999,38.700001,38.779999,5738700,37.522472,1/7/2019,AZN,-0.010209262,-0.010209316,,37.9839996,-24.08906407,D
556,38.380001,38.580002,38.029999,38.130001,4697400,36.893551,1/8/2019,AZN,-0.016761182,-0.016761166,,37.3379996,-34.54927992,D
557,38.150002,38.369999,37.799999,37.799999,6482000,36.574249,1/9/2019,AZN,-0.008654683,-0.008654655,,36.9339996,-22.87862157,D
558,38.040001,38.380001,37.889999,38.259998,4809000,37.019333,1/10/2019,AZN,0.012169327,0.012169286,,36.532,-33.80593726,D
559,37.669998,37.740002,36.889999,36.950001,5401000,35.751816,1/11/2019,AZN,-0.034239326,-0.034239338,,36.1380006,-9.131661811,D
560,36.540001,36.549999,35.419998,35.549999,13875300,34.397213,1/14/2019,AZN,-0.037889068,-0.037889092,,36.0580002,13.86654826,U
561,35.93,36.209999,35.73,36.110001,10138800,34.939053,1/15/2019,AZN,0.015752439,0.015752518,,36.2020004,2.209808826,U
562,35.77,36.02,35.630001,35.790001,7091500,34.629429,1/16/2019,AZN,-0.008861831,-0.008861811,,36.318,12.39052261,U
563,35.98,36.349998,35.950001,36.290001,4168300,35.113216,1/17/2019,AZN,0.013970401,0.013970382,,36.318,-6.883638967,D
564,36.790001,36.84,36.32,36.549999,4366500,35.364784,1/18/2019,AZN,0.007164482,0.007164453,,36.2099998,-11.04665844,D
565,36.490002,36.540001,36.009998,36.27,7044100,35.093864,1/22/2019,AZN,-0.007660728,-0.007660712,,35.9980004,-10.83390732,D
566,37.029999,37.029999,36.459999,36.689999,7925300,35.500244,1/23/2019,AZN,0.011579802,0.01157979,,35.8540002,-15.89780769,D
567,36.259998,36.279999,35.689999,35.790001,6285400,34.629429,1/24/2019,AZN,-0.024529831,-0.024529791,,35.7060006,2.240519763,U
568,35.869999,35.919998,35.580002,35.75,6896600,34.590729,1/25/2019,AZN,-0.001117547,-0.001117659,,35.8640008,11.57151993,U
569,35.560001,35.630001,35.299999,35.490002,3998900,34.339157,1/28/2019,AZN,-0.007272816,-0.007272671,,36.0440012,16.09144326,U
570,35.84,35.889999,35.549999,35.549999,4498800,34.397213,1/29/2019,AZN,0.001690665,0.001690532,,36.2980004,16.66757103,U
571,36.080002,36.169998,35.700001,35.950001,4823500,34.784245,1/30/2019,AZN,0.011251842,0.011251815,,36.5880006,14.34895297,U
572,36.419998,36.689999,36.220001,36.580002,4978500,35.393814,1/31/2019,AZN,0.017524284,0.017524367,,36.7720002,3.943176852,U
573,36.599998,36.880001,36.540001,36.650002,3587800,35.461544,2/1/2019,AZN,0.001913611,0.001913614,,36.8439996,3.935471218,U
574,36.799999,36.82,36.560001,36.759998,2652500,35.567974,2/4/2019,AZN,0.003001279,0.003001255,,36.9159988,3.386065773,U
575,36.900002,37.259998,36.889999,37,2281600,35.80019,2/5/2019,AZN,0.006528795,0.00652889,,36.8999992,-4.336043454,D
576,36.98,37.150002,36.84,36.869999,3083500,35.674408,2/6/2019,AZN,-0.003513445,-0.003513541,,36.9399994,4.466729905,U
577,37.25,37.25,36.779999,36.939999,3357000,35.742138,2/7/2019,AZN,0.00189856,0.001898563,,36.882,-4.880388808,D
578,36.900002,37.209999,36.830002,37.009998,3424100,35.809868,2/8/2019,AZN,0.001894962,0.001894938,,37.4900002,39.61058928,U
579,36.799999,36.869999,36.549999,36.68,3903900,35.49057,2/11/2019,AZN,-0.008916481,-0.008916455,,38.2720002,55.39295017,U
580,37.07,37.310001,36.93,37.200001,3729300,35.993706,2/12/2019,AZN,0.014176611,0.01417669,,39.028,41.76486113,U
581,36.84,37.169998,36.560001,36.580002,4390500,35.393814,2/13/2019,AZN,-0.016666581,-0.016666639,,39.6939996,49.75559329,U
582,38.970001,40.150002,38.889999,39.98,12341200,38.683556,2/14/2019,AZN,0.092946807,0.092946906,,40.4639992,5.560498331,U
583,40.290001,41.009998,40.209999,40.919998,6410200,39.593079,2/15/2019,AZN,0.023511877,0.023511706,,40.655999,0.245978459,E
584,39.970001,40.490002,39.939999,40.459999,8070900,39.147991,2/19/2019,AZN,-0.011241561,-0.011241423,,40.7719994,12.75386313,U
585,40.240002,40.860001,40.240002,40.529999,7081100,39.215721,2/20/2019,AZN,0.001730102,0.001730104,,41.0759996,17.65022171,U
586,40.41,40.5,40.139999,40.43,5791400,39.118969,2/21/2019,AZN,-0.002467174,-0.002467284,,41.4479996,23.64407232,U
587,40.439999,40.990002,40.41,40.939999,5956300,39.612427,2/22/2019,AZN,0.01261429,0.012614371,,41.678,7.677947598,U
588,41.5,41.73,41.330002,41.5,5982100,40.15427,2/25/2019,AZN,0.013678612,0.013678579,,41.8419998,3.106902171,U
589,41.599998,42.139999,41.560001,41.98,4216800,40.618706,2/26/2019,AZN,0.011566292,0.011566265,,41.8799996,-3.462285133,D
590,42.060001,42.580002,42.060001,42.389999,4479300,41.015408,2/27/2019,AZN,0.009766485,0.009766532,,41.9459998,-0.953583183,D
591,41.169998,41.650002,41.130001,41.580002,5698500,41.153976,2/28/2019,AZN,0.003378438,-0.01910821,,41.8739998,5.373226849,U
592,41.610001,41.759998,41.48,41.759998,4590000,41.33213,3/1/2019,AZN,0.004328962,0.004328908,,41.8899994,-1.193578437,D
593,41.73,41.810001,41.389999,41.689999,3948200,41.262848,3/4/2019,AZN,-0.001676226,-0.001676221,,41.8919998,0.954848186,U
594,41.560001,42.610001,41.560001,42.310001,5668200,41.876495,3/5/2019,AZN,0.014871659,0.01487172,,41.9919998,-1.42886741,D
595,42.360001,42.389999,41.93,42.029999,2490000,41.599361,3/6/2019,AZN,-0.006617889,-0.006617868,,41.8999992,-2.147983335,D
596,41.610001,41.77,41.330002,41.66,5283900,41.233154,3/7/2019,AZN,-0.008803188,-0.008803212,,41.9839996,9.408358036,U
597,41.450001,41.799999,41.34,41.77,4139200,41.34203,3/8/2019,AZN,0.002640497,0.002640422,,42.1059996,5.937396152,U
598,41.650002,42.330002,41.639999,42.189999,3501500,41.757725,3/11/2019,AZN,0.010055021,0.01005504,,42.2539992,3.78661199,U
599,41.639999,41.959999,41.639999,41.849998,3963400,41.421207,3/12/2019,AZN,-0.00805882,-0.008058806,,42.3319998,8.6223661,U
600,42.080002,42.490002,41.950001,42.450001,2973900,42.01506,3/13/2019,AZN,0.014336931,0.01433699,,42.536,4.936971036,U
601,42.279999,42.560001,42.119999,42.27,3707800,41.836906,3/14/2019,AZN,-0.004240241,-0.004240306,,42.6499998,8.79249711,U
602,42.279999,42.509998,42.099998,42.509998,8993600,42.074444,3/15/2019,AZN,0.005677714,0.005677738,,42.786,5.141903894,U
603,42.52,42.740002,42.43,42.580002,3076200,42.14373,3/18/2019,AZN,0.001646748,0.001646766,,42.8020004,0.116793607,E
604,42.889999,43.060001,42.73,42.869999,3209200,42.430756,3/19/2019,AZN,0.006810645,0.006810638,,42.7959998,-3.738667183,D
605,43.07,43.299999,42.790001,43.02,3757300,42.57922,3/20/2019,AZN,0.003498971,0.003498974,,42.8099998,-0.934372814,D
606,42.91,43.299999,42.889999,42.950001,2434800,42.509937,3/21/2019,AZN,-0.001627155,-0.001627127,,42.7360002,-3.509909662,D
607,42.450001,42.860001,42.419998,42.59,3891200,42.153625,3/22/2019,AZN,-0.008381852,-0.008381862,,42.742,4.562257265,U
608,42.599998,42.790001,42.43,42.549999,2971700,42.114037,3/25/2019,AZN,-0.000939136,-0.000939211,,42.31,-25.0531671,D
609,43.02,43.189999,42.860001,42.939999,3106000,42.500038,3/26/2019,AZN,0.009165614,0.009165688,,42.0540002,-19.85541199,D
610,42.599998,42.869999,42.290001,42.650002,3183500,42.213013,3/27/2019,AZN,-0.006753523,-0.00675354,,41.7840004,-12.68430488,D
611,43.150002,43.259998,42.84,42.98,4655900,42.539631,3/28/2019,AZN,0.007737377,0.00773735,,41.472,-22.78645833,D
612,40.380001,41.130001,40.139999,40.43,34782300,40.015759,3/29/2019,AZN,-0.059329899,-0.059329921,,40.9819998,1.220035631,U
613,41.439999,41.549999,40.939999,41.27,8415500,40.847153,4/1/2019,AZN,0.020776665,0.020776651,,41.036,-6.945109172,D
614,41.240002,41.66,41.09,41.59,10883100,41.163872,4/2/2019,AZN,0.007753759,0.007753816,,40.9540002,-8.912426093,D
615,41.200001,41.279999,40.810001,41.09,6320000,40.668995,4/3/2019,AZN,-0.01202212,-0.012022121,,40.774,-4.905098837,D
616,40.790001,41,40.48,40.529999,5580600,40.114731,4/4/2019,AZN,-0.013628662,-0.013628644,,40.6640002,0.122983474,E
617,40.5,40.84,40.470001,40.700001,5788800,40.282993,4/5/2019,AZN,0.004194519,0.004194473,,40.5260004,-10.61048452,D
618,41.080002,41.080002,40.77,40.860001,3169400,40.441353,4/8/2019,AZN,0.003931188,0.003931204,,40.2900002,-16.62944891,D
619,40.779999,40.84,40.509998,40.689999,4313100,40.27309,4/9/2019,AZN,-0.004160667,-0.004160597,,40.0800002,-10.97801891,D
620,40.75,40.93,40.439999,40.540001,6619000,40.12463,4/10/2019,AZN,-0.003686332,-0.00368636,,39.8020002,-15.57713172,D
621,40.32,40.349998,39.66,39.84,4514400,39.431801,4/11/2019,AZN,-0.017266926,-0.017266921,,39.448,-13.56215778,D
622,39.619999,40.02,39.470001,39.52,7489800,39.115082,4/12/2019,AZN,-0.00803207,-0.008032129,,39.2399998,-9.174324715,D
623,39.759998,39.880001,39.630001,39.810001,3006100,39.402111,4/15/2019,AZN,0.007338065,0.007338082,,39.0859998,-13.55985526,D
624,40.099998,40.099998,39.27,39.299999,3334300,38.897335,4/16/2019,AZN,-0.012810887,-0.012810901,,38.8619994,-7.848283792,D
625,39.32,39.34,38.740002,38.77,4408300,38.372765,4/17/2019,AZN,-0.013486014,-0.01348598,,38.7459998,-0.645214993,D
626,38.77,38.939999,38.349998,38.799999,5430300,38.402458,4/18/2019,AZN,0.000773804,0.000773768,,38.804,3.350195856,U
627,38.779999,38.900002,38.560001,38.75,4253500,38.35297,4/22/2019,AZN,-0.001288668,-0.001288634,,38.6420006,-9.8338335,D
628,38.630001,38.970001,38.630001,38.689999,4812200,38.293583,4/23/2019,AZN,-0.001548433,-0.001548413,,38.5280006,-6.618550042,D
629,38.720001,38.919998,38.580002,38.720001,3942000,38.32328,4/24/2019,AZN,0.000775509,0.000775446,,38.3220008,-13.83018864,D
630,38.419998,39.150002,38.400002,39.060001,4729100,38.659794,4/25/2019,AZN,0.008780929,0.008780992,,38.0480002,-22.47165411,D
631,37.84,38.09,37.66,37.990002,7190400,37.600758,4/26/2019,AZN,-0.027393731,-0.027393727,,37.7599998,-4.899404157,D
632,38.560001,38.57,38.099998,38.18,5518600,37.788811,4/29/2019,AZN,0.005001309,0.005001263,,37.8439994,3.038790874,U
633,38.130001,38.18,36.830002,37.66,8666400,37.274139,4/30/2019,AZN,-0.013619693,-0.013619696,,37.877999,9.10816329,U
634,37.509998,37.639999,37.25,37.349998,5199600,36.967312,5/1/2019,AZN,-0.008231632,-0.008231599,,37.941999,8.302171955,U
635,37.630001,37.84,37.459999,37.619999,10215000,37.234547,5/2/2019,AZN,0.007228954,0.007228943,,38.1319992,8.916395865,U
636,38.32,38.419998,38.080002,38.41,3217200,38.016453,5/3/2019,AZN,0.020999477,0.020999496,,38.3019996,0.783261979,U
637,37.919998,38.73,37.75,38.349998,3540300,37.957066,5/6/2019,AZN,-0.001562139,-0.001562145,,38.15,-9.174259502,D
638,38.360001,38.43,37.82,37.98,2831200,37.590858,5/7/2019,AZN,-0.009647953,-0.009647927,,37.9360002,-9.226078083,D
639,38.470001,38.59,38.27,38.299999,3193500,37.907581,5/8/2019,AZN,0.008425533,0.008425461,,37.9040002,-6.331772339,D
640,38.470001,38.540001,38.259998,38.470001,3578100,38.07584,5/9/2019,AZN,0.004438664,0.004438695,,37.7800004,-10.45528046,D
641,38.060001,38.150002,37.389999,37.650002,8515700,37.264244,5/10/2019,AZN,-0.021315249,-0.021315284,,37.646,1.992203687,U
642,37.290001,37.389999,37.119999,37.279999,7657400,36.898029,5/13/2019,AZN,-0.009827517,-0.009827436,,37.6719994,6.636228604,U
643,37.779999,38,37.639999,37.82,7164800,37.432499,5/14/2019,AZN,0.014485056,0.014485006,,37.7239998,-3.711152071,D
644,37.610001,37.849998,37.580002,37.68,4570000,37.293934,5/15/2019,AZN,-0.00370173,-0.003701745,,37.736,2.65000265,U
645,37.740002,38.060001,37.66,37.799999,2988700,37.412704,5/16/2019,AZN,0.0031847,0.003184687,,37.9220002,10.67984278,U
646,37.630001,37.91,37.580002,37.779999,1716300,37.392906,5/17/2019,AZN,-0.000529179,-0.000529101,,38.0940004,11.55038839,U
647,37.34,37.650002,37.330002,37.540001,3097000,37.155369,5/20/2019,AZN,-0.006352462,-0.006352515,,38.3420006,19.29997101,U
648,37.650002,37.950001,37.610001,37.880001,3438800,37.491886,5/21/2019,AZN,0.009057022,0.009057006,,38.436,1.69108388,U
649,37.639999,38.650002,37.639999,38.610001,2945100,38.214405,5/22/2019,AZN,0.019271343,0.019271383,,38.3659996,-14.07498842,D
650,38.66,38.880001,38.439999,38.66,5530100,38.263893,5/23/2019,AZN,0.001295009,0.001294975,,38.145999,-15.07369095,D
651,39.009998,39.32,38.900002,39.02,3086600,38.620205,5/24/2019,AZN,0.009311964,0.00931195,,37.8899992,-21.64158135,D
652,38.5,38.650002,38,38.009998,3807800,37.620552,5/28/2019,AZN,-0.025884197,-0.025884213,,37.6659996,-1.460149753,D
653,37.66,37.759998,37.439999,37.529999,3334200,37.14547,5/29/2019,AZN,-0.012628257,-0.01262823,,37.782,14.02785718,U
654,37.740002,37.740002,37.330002,37.509998,2912900,37.125675,5/30/2019,AZN,-0.000532905,-0.000532934,,37.9480004,11.19957562,U
655,37.130001,37.439999,37.119999,37.380001,2623000,36.997009,5/31/2019,AZN,-0.003465688,-0.003465663,,38.2120012,18.97310995,U
656,38.040001,38.130001,37.759998,37.900002,2409300,37.511681,6/3/2019,AZN,0.013911179,0.013911209,,38.540001,14.53033175,U
657,38.43,38.66,38.189999,38.59,3415300,38.194611,6/4/2019,AZN,0.018205796,0.018205751,,38.8780006,12.86074367,U
658,38.439999,38.560001,38.279999,38.360001,2097300,37.966969,6/5/2019,AZN,-0.005960055,-0.005960067,,39.0380004,13.19224844,U
659,38.810001,39.139999,38.73,38.830002,2259500,38.432152,6/6/2019,AZN,0.012252308,0.012252372,,39.3520002,13.97639249,U
660,39.189999,39.27,38.889999,39.02,2070900,38.620205,6/7/2019,AZN,0.004893117,0.004893072,,39.5679998,11.24646184,U
661,39.16,39.720001,39.080002,39.59,2928900,39.184364,6/10/2019,AZN,0.014607872,0.014607893,,39.6979994,1.007582261,U
662,39.689999,39.740002,39.310001,39.389999,2378100,38.986412,6/11/2019,AZN,-0.005051811,-0.005051806,,39.7759994,7.416545265,U
663,39.52,39.990002,39.52,39.93,2507300,39.520882,6/12/2019,AZN,0.013709135,0.013709089,,40.0879998,12.72202411,U
664,39.810001,40.009998,39.599998,39.91,2020000,39.501083,6/13/2019,AZN,-0.000500976,-0.000500877,,40.4379998,21.88535547,U
665,39.68,39.959999,39.619999,39.669998,1477800,39.263542,6/14/2019,AZN,-0.006013531,-0.006013581,,40.778,23.78737309,U
666,39.560001,40.130001,39.549999,39.98,1864200,39.570366,6/17/2019,AZN,0.007814476,0.00781452,,41.1160006,16.78180003,U
667,40.59,41.029999,40.509998,40.950001,3258500,40.53043,6/18/2019,AZN,0.024262197,0.024262156,,41.418001,6.518916739,U
668,41.18,41.75,41.150002,41.68,3027100,41.252949,6/19/2019,AZN,0.017826581,0.017826593,,41.5080012,-3.3728196,D
669,41.919998,42.080002,41.529999,41.610001,3353200,41.183666,6/20/2019,AZN,-0.001679468,-0.001679439,,41.3660014,-7.735821427,D
670,41.080002,41.419998,40.66,41.360001,2701700,40.93623,6/21/2019,AZN,-0.00600811,-0.006008171,,41.2420016,-4.485706145,D
671,41.529999,41.639999,41.310001,41.490002,1940000,41.064899,6/24/2019,AZN,0.003143157,0.003143158,,41.2260012,-2.54697271,D
672,41.630001,41.700001,41.23,41.400002,1382100,40.975819,6/25/2019,AZN,-0.002169249,-0.002169197,,41.190001,-1.092510292,D
673,41.23,41.240002,40.759998,40.970001,1737900,40.550224,6/26/2019,AZN,-0.010386492,-0.010386497,,41.2520004,8.969237768,U
674,40.860001,41.169998,40.860001,40.990002,1683800,40.570023,6/27/2019,AZN,0.000488259,0.000488186,,41.4560006,12.06098014,U
675,41.490002,41.490002,41.099998,41.279999,2304800,40.857048,6/28/2019,AZN,0.007074805,0.007074823,,41.446,-4.101722724,D
676,41.650002,41.650002,41.240002,41.310001,3032900,40.886742,7/1/2019,AZN,0.000726778,0.000726793,,41.3560006,-5.803257001,D
677,41.349998,41.759998,41.310001,41.709999,2521200,41.282642,7/2/2019,AZN,0.009682845,0.009682837,,41.2420008,-11.75981986,D
678,41.959999,42.150002,41.830002,41.990002,1819000,41.559776,7/3/2019,AZN,0.006713088,0.006713091,,41.1260012,-10.45568466,D
679,41.619999,41.669998,40.900002,40.939999,2811700,40.520531,7/5/2019,AZN,-0.02500603,-0.025006024,,40.818001,-6.002229262,D
680,40.75,40.860001,40.599998,40.830002,2090200,40.411659,7/8/2019,AZN,-0.002686835,-0.002686786,,40.672001,-7.621987913,D
681,40.75,40.869999,40.66,40.740002,1667900,40.322582,7/9/2019,AZN,-0.00220424,-0.002204261,,40.5500008,-6.411849442,D
682,41.25,41.41,41.02,41.130001,1623000,40.708588,7/10/2019,AZN,0.009572948,0.009572876,,40.4420006,-11.49794751,D
683,40.919998,40.93,40.200001,40.450001,2342500,40.035553,7/11/2019,AZN,-0.016532998,-0.016532944,,40.2840004,-1.365318723,D
684,40.349998,40.369999,39.849998,40.209999,3229700,39.798012,7/12/2019,AZN,-0.005933251,-0.0059333,,40.3400002,6.44522803,U
685,40.259998,40.41,40.060001,40.220001,2002700,39.807911,7/15/2019,AZN,0.000248731,0.000248744,,40.3220002,-1.24004265,D
686,40.360001,40.360001,40.119999,40.200001,1619700,39.788116,7/16/2019,AZN,-0.000497263,-0.000497265,,40.3440004,1.611156538,U
687,40.330002,40.59,40.299999,40.34,1324400,39.926682,7/17/2019,AZN,0.003482598,0.003482562,,40.4200006,2.968852009,U
688,40.290001,40.740002,40.23,40.73,2728400,40.312683,7/18/2019,AZN,0.009667745,0.009667824,,40.4220002,-4.700435383,D
689,40.52,40.59,40.060001,40.119999,3709600,39.708931,7/19/2019,AZN,-0.014976726,-0.0149767,,40.8080002,31.12136086,U
690,40.41,40.48,40.130001,40.330002,4338500,39.916782,7/22/2019,AZN,0.005234364,0.005234372,,41.486,38.32613412,U
691,40.66,40.889999,40.459999,40.580002,4153100,40.164223,7/23/2019,AZN,0.006198922,0.006198859,,42.2979994,45.03755561,U
692,40.18,40.400002,39.849998,40.349998,4281600,39.936577,7/24/2019,AZN,-0.00566788,-0.005667915,,42.9539992,40.85769737,U
693,42.799999,43.529999,42.490002,42.66,10419700,42.222908,7/25/2019,AZN,0.057249048,0.057249123,,43.5659996,8.607629882,U
694,43.009998,43.540001,42.889999,43.509998,4226800,43.064198,7/26/2019,AZN,0.019924966,0.019924941,,43.8339996,5.589291469,U
695,44.560001,44.740002,44.34,44.389999,6419700,43.935184,7/29/2019,AZN,0.020225292,0.020225259,,43.9879998,-1.250341008,D
696,43.900002,44.060001,43.669998,43.860001,3475500,43.410614,7/30/2019,AZN,-0.011939634,-0.011939581,,43.8220002,-3.422938235,D
697,43.080002,43.790001,42.970001,43.41,2255600,42.965225,7/31/2019,AZN,-0.01025991,-0.01025994,,43.7739998,2.398672739,U
698,43.57,44.189999,43.57,44,2686200,43.549179,8/1/2019,AZN,0.013591317,0.013591338,,43.8759994,-0.911682937,D
699,44.400002,44.439999,44,44.279999,4267500,43.826309,8/2/2019,AZN,0.00636361,0.006363614,,43.9039992,-1.594387784,D
700,43.860001,44,43.16,43.560001,3823200,43.113689,8/5/2019,AZN,-0.016260096,-0.016260118,,44.0019994,13.74936385,U
701,43.720001,43.970001,43.259998,43.619999,3936500,43.173073,8/6/2019,AZN,0.001377382,0.001377365,,44.1619994,8.378266497,U
702,43.560001,44.080002,43.41,43.919998,4018600,43.469997,8/7/2019,AZN,0.006877528,0.006877556,,44.4099998,10.58323581,U
703,43.950001,44.360001,43.779999,44.139999,2368900,44.139999,8/8/2019,AZN,0.015412976,0.00500913,,44.3880004,-3.717198308,D
704,45.25,45.279999,44.580002,44.77,4127300,44.77,8/9/2019,AZN,0.014272791,0.014272791,,44.3960006,-6.64474268,D
705,44.790001,44.84,44.150002,44.360001,2492800,44.360001,8/12/2019,AZN,-0.009157896,-0.009157896,,44.3100006,-0.225693971,E
706,44.57,44.860001,44.400002,44.860001,3457500,44.860001,8/13/2019,AZN,0.011271415,0.011271415,,44.322,-4.963708768,D
707,44.419998,44.68,43.799999,43.810001,2793400,43.810001,8/14/2019,AZN,-0.023406152,-0.023406152,,44.2739996,9.147558469,U
708,44.040001,44.32,43.959999,44.18,1919600,44.18,8/15/2019,AZN,0.008445537,0.008445537,,44.595999,13.90257005,U
709,44.360001,44.549999,43.959999,44.34,1495500,44.34,8/16/2019,AZN,0.003621548,0.003621548,,44.841999,11.93077945,U
710,44.57,44.639999,44.330002,44.419998,1521000,44.419998,8/19/2019,AZN,0.001804195,0.001804195,,44.8899994,1.782178683,U
711,44.889999,44.939999,44.48,44.619999,5067900,44.619999,8/20/2019,AZN,0.004502499,0.004502499,,44.9720002,2.334819433,U
712,45.040001,45.689999,44.98,45.419998,6007200,45.419998,8/21/2019,AZN,0.017929158,0.017929158,,45.0240006,-5.99676831,D
713,45.52,45.59,45.169998,45.41,4555100,45.41,8/22/2019,AZN,-0.000220123,-0.000220123,,44.9000008,-6.792884066,D
714,45.279999,45.669998,44.5,44.580002,3752200,44.580002,8/23/2019,AZN,-0.018277868,-0.018277868,,44.9020004,9.353658996,U
715,44.98,44.98,44.470001,44.830002,2435000,44.830002,8/26/2019,AZN,0.005607896,0.005607896,,44.9919998,2.222584025,U
716,44.860001,45.110001,44.790001,44.880001,2333900,44.880001,8/27/2019,AZN,0.001115302,0.001115302,,45.0799994,4.325632267,U
717,44.799999,44.919998,44.59,44.799999,2131700,44.799999,8/28/2019,AZN,-0.001782576,-0.001782576,,45.1719992,5.977165164,U
718,45.25,45.509998,45.200001,45.419998,2692900,45.419998,8/29/2019,AZN,0.013839264,0.013839264,,45.163999,-7.306704617,D
719,45.130001,45.32,44.82,45.029999,2413600,45.029999,8/30/2019,AZN,-0.008586504,-0.008586504,,45.0279998,-3.220185232,D
720,45.16,45.470001,45.060001,45.27,2263600,45.27,9/3/2019,AZN,0.005329802,0.005329802,,44.7819998,-16.41285568,D
721,45.419998,45.529999,45.240002,45.34,1741800,45.34,9/4/2019,AZN,0.001546278,0.001546278,,44.3819998,-23.32026508,D
722,44.939999,45,44.560001,44.759998,1610000,44.759998,9/5/2019,AZN,-0.012792281,-0.012792281,,43.9339994,-18.89197458,D
723,44.860001,45.07,44.73,44.740002,1888700,44.740002,9/6/2019,AZN,-0.000446738,-0.000446738,,43.5620002,-21.11932408,D
724,43.990002,44.029999,43.369999,43.799999,2821900,43.799999,9/9/2019,AZN,-0.021010348,-0.021010348,,43.1679998,-11.9301219,D
725,42.450001,43.290001,42.189999,43.27,4102700,43.27,9/10/2019,AZN,-0.012100434,-0.012100434,,42.9099996,-8.855767969,D
726,42.860001,43.200001,42.849998,43.099998,7843500,43.099998,9/11/2019,AZN,-0.003928865,-0.003928865,,42.8819998,0.349832099,E
727,42.849998,43.09,42.73,42.900002,6763500,42.900002,9/12/2019,AZN,-0.004640279,-0.004640279,,42.9760002,7.795025094,U
728,42.869999,43.119999,42.720001,42.77,3658900,42.77,9/13/2019,AZN,-0.00303035,-0.00303035,,43.318,21.23829586,U
729,43.029999,43.049999,42.439999,42.509998,2502200,42.509998,9/16/2019,AZN,-0.006079074,-0.006079074,,43.8,30.47947489,U
730,43.119999,43.27,42.84,43.130001,4918500,43.130001,9/17/2019,AZN,0.014584875,0.014584875,,44.2120004,16.28515999,U
731,43.380001,43.720001,43.349998,43.57,2096200,43.57,9/18/2019,AZN,0.010201692,0.010201692,,44.6199998,17.92915741,U
732,44.630001,44.849998,44.43,44.610001,4153700,44.610001,9/19/2019,AZN,0.023869658,0.023869658,,44.9739998,8.115789159,U
733,45.209999,45.330002,44.959999,45.18,4868200,45.18,9/20/2019,AZN,0.012777381,0.012777381,,45.1459998,3.211812799,U
734,45.080002,45.189999,44.560001,44.57,2457000,44.57,9/23/2019,AZN,-0.013501549,-0.013501549,,45.1659996,7.85988361,U
735,45.34,45.57,45.02,45.169998,2878400,45.169998,9/24/2019,AZN,0.013461925,0.013461925,,45.1659996,-6.642142378,D
736,45.279999,45.540001,45.049999,45.34,4193600,45.34,9/25/2019,AZN,0.003763604,0.003763604,,44.864,-18.7232525,D
737,45.880001,46.220001,45.369999,45.470001,4677500,45.470001,9/26/2019,AZN,0.002867247,0.002867247,,44.2879998,-33.98213978,D
738,45.490002,45.580002,45.119999,45.279999,2299500,45.279999,9/27/2019,AZN,-0.004178623,-0.004178623,,43.8279992,-24.07138175,D
739,44.779999,45.16,44.529999,44.57,3505100,44.57,9/30/2019,AZN,-0.01568019,-0.01568019,,43.4339996,-14.50475447,D
740,44.029999,44.139999,43.549999,43.66,3077900,43.66,10/1/2019,AZN,-0.020417321,-0.020417321,,43.2079994,-2.545836455,D
741,42.810001,42.98,42.25,42.459999,3140100,42.459999,10/2/2019,AZN,-0.027485135,-0.027485135,,43.0839996,6.731060317,U
742,42.880001,43.25,42.779999,43.169998,2001900,43.169998,10/3/2019,AZN,0.016721597,0.016721597,,43.2720002,2.657653898,U
743,43.360001,43.52,43.130001,43.310001,1878400,43.310001,10/4/2019,AZN,0.003243062,0.003243062,,43.3580002,3.344215585,U
744,43.41,43.810001,43.380001,43.439999,2254300,43.439999,10/7/2019,AZN,0.00300157,0.00300157,,43.4120004,1.612491923,U
745,43.43,43.470001,42.900002,43.040001,3093000,43.040001,10/8/2019,AZN,-0.009208057,-0.009208057,,43.4920006,9.197082095,U
746,43.490002,43.59,43.360001,43.400002,1981500,43.400002,10/9/2019,AZN,0.008364335,0.008364335,,43.7260002,9.262189502,U
747,43.200001,43.799999,43.16,43.599998,6218200,43.599998,10/10/2019,AZN,0.004608203,0.004608203,,43.804,2.168785956,U
748,43.740002,44.16,43.540001,43.580002,3842900,43.580002,10/11/2019,AZN,-0.000458624,-0.000458624,,43.9100006,6.262798821,U
749,43.990002,44.290001,43.82,43.84,2651700,43.84,10/14/2019,AZN,0.005965993,0.005965993,,43.968,0.341145833,E
750,43.75,44.279999,43.669998,44.209999,2230100,44.209999,10/15/2019,AZN,0.008439758,0.008439758,,43.9440002,-5.575254844,D
751,43.990002,44.029999,43.630001,43.790001,1663000,43.790001,10/16/2019,AZN,-0.009500068,-0.009500068,,43.886,1.48107597,U
752,44.32,44.360001,43.970001,44.130001,2431500,44.130001,10/17/2019,AZN,0.00776433,0.00776433,,44.0659996,6.35408257,U
753,44.18,44.209999,43.68,43.869999,1650700,43.869999,10/18/2019,AZN,-0.005891729,-0.005891729,,44.6899994,37.81607793,U
754,43.869999,43.900002,43.650002,43.720001,2389900,43.720001,10/21/2019,AZN,-0.003419148,-0.003419148,,45.4499992,43.4543132,U
755,44.220001,44.470001,43.889999,43.919998,2657000,43.919998,10/22/2019,AZN,0.004574497,0.004574497,,46.255999,41.4000571,U
756,44.509998,44.740002,44.279999,44.689999,3684600,44.689999,10/23/2019,AZN,0.0175319,0.0175319,,46.9899994,30.85764032,U
757,46.48,47.310001,46.360001,47.25,6002800,47.25,10/24/2019,AZN,0.057283532,0.057283532,,47.8559996,18.49297909,U
758,47.419998,47.720001,47.110001,47.669998,2669400,47.669998,10/25/2019,AZN,0.008888847,0.008888847,,,,
759,47.689999,49,47.59,47.75,4679800,47.75,10/28/2019,AZN,0.001678246,0.001678246,,,,
760,47.419998,47.810001,47.139999,47.59,2264200,47.59,10/29/2019,AZN,-0.003350785,-0.003350785,,,,
761,48.470001,49.049999,48.220001,49.02,3751100,49.02,10/30/2019,AZN,0.030048329,0.030048329,,,,
762,48.369999,49.060001,48.23,49.029999,566820000,49.029999,10/31/2019,AZN,0.000203978,0.000203978,,,,
